Iso3,StartDate,EndDate,Area Code,Area Code (M49),Area,Element Code,Element,ISO Currency Code,Currency,Year Code,Year,Months Code,Months,Unit,Value,Flag
#country+code,#date+start,#date+end,,,#country+name,,,,,,#date+year,,,#indicator+type,#indicator+value+num,
NGA,1973-01-01,1973-12-31,159,'566,Nigeria,LCU,Local currency units per USD,NGN,Naira,1973,1973,7021,Annual value,,0.657894999000000,X
NGA,1973-01-01,1973-01-31,159,'566,Nigeria,LCU,Local currency units per USD,NGN,Naira,1973,1973,7001,January,,0.657894999000000,X
NGA,1973-02-01,1973-02-28,159,'566,Nigeria,LCU,Local currency units per USD,NGN,Naira,1973,1973,7002,February,,0.657894999000000,X
NGA,1973-03-01,1973-03-31,159,'566,Nigeria,LCU,Local currency units per USD,NGN,Naira,1973,1973,7003,March,,0.657894999000000,X
NGA,1973-04-01,1973-04-30,159,'566,Nigeria,LCU,Local currency units per USD,NGN,Naira,1973,1973,7004,April,,0.657894999000000,X
NGA,1973-05-01,1973-05-31,159,'566,Nigeria,LCU,Local currency units per USD,NGN,Naira,1973,1973,7005,May,,0.657894999000000,X
NGA,1973-06-01,1973-06-30,159,'566,Nigeria,LCU,Local currency units per USD,NGN,Naira,1973,1973,7006,June,,0.657894999000000,X
NGA,1973-07-01,1973-07-31,159,'566,Nigeria,LCU,Local currency units per USD,NGN,Naira,1973,1973,7007,July,,0.657894999000000,X
NGA,1973-08-01,1973-08-31,159,'566,Nigeria,LCU,Local currency units per USD,NGN,Naira,1973,1973,7008,August,,0.657894999000000,X
NGA,1973-09-01,1973-09-30,159,'566,Nigeria,LCU,Local currency units per USD,NGN,Naira,1973,1973,7009,September,,0.657894999000000,X
NGA,1973-10-01,1973-10-31,159,'566,Nigeria,LCU,Local currency units per USD,NGN,Naira,1973,1973,7010,October,,0.657894999000000,X
NGA,1973-11-01,1973-11-30,159,'566,Nigeria,LCU,Local currency units per USD,NGN,Naira,1973,1973,7011,November,,0.657894999000000,X
NGA,1973-12-01,1973-12-31,159,'566,Nigeria,LCU,Local currency units per USD,NGN,Naira,1973,1973,7012,December,,0.657894999000000,X
NGA,1974-01-01,1974-12-31,159,'566,Nigeria,LCU,Local currency units per USD,NGN,Naira,1974,1974,7021,Annual value,,0.630282046200000,X
NGA,1974-01-01,1974-01-31,159,'566,Nigeria,LCU,Local currency units per USD,NGN,Naira,1974,1974,7001,January,,0.657894999000000,X
NGA,1974-02-01,1974-02-28,159,'566,Nigeria,LCU,Local currency units per USD,NGN,Naira,1974,1974,7002,February,,0.657894999000000,X
NGA,1974-03-01,1974-03-31,159,'566,Nigeria,LCU,Local currency units per USD,NGN,Naira,1974,1974,7003,March,,0.657894999000000,X
NGA,1974-04-01,1974-04-30,159,'566,Nigeria,LCU,Local currency units per USD,NGN,Naira,1974,1974,7004,April,,0.657894999000000,X
NGA,1974-05-01,1974-05-31,159,'566,Nigeria,LCU,Local currency units per USD,NGN,Naira,1974,1974,7005,May,,0.617169660000000,X
NGA,1974-06-01,1974-06-30,159,'566,Nigeria,LCU,Local currency units per USD,NGN,Naira,1974,1974,7006,June,,0.617169660000000,X
NGA,1974-07-01,1974-07-31,159,'566,Nigeria,LCU,Local currency units per USD,NGN,Naira,1974,1974,7007,July,,0.616408802000000,X
NGA,1974-08-01,1974-08-31,159,'566,Nigeria,LCU,Local currency units per USD,NGN,Naira,1974,1974,7008,August,,0.616218881000000,X
NGA,1974-09-01,1974-09-30,159,'566,Nigeria,LCU,Local currency units per USD,NGN,Naira,1974,1974,7009,September,,0.616180911000000,X
NGA,1974-10-01,1974-10-31,159,'566,Nigeria,LCU,Local currency units per USD,NGN,Naira,1974,1974,7010,October,,0.616218881000000,X
NGA,1974-11-01,1974-11-30,159,'566,Nigeria,LCU,Local currency units per USD,NGN,Naira,1974,1974,7011,November,,0.616218881000000,X
NGA,1974-12-01,1974-12-31,159,'566,Nigeria,LCU,Local currency units per USD,NGN,Naira,1974,1974,7012,December,,0.616218881000000,X
NGA,1975-01-01,1975-12-31,159,'566,Nigeria,LCU,Local currency units per USD,NGN,Naira,1975,1975,7021,Annual value,,0.615501553400000,X
NGA,1975-01-01,1975-01-31,159,'566,Nigeria,LCU,Local currency units per USD,NGN,Naira,1975,1975,7001,January,,0.615953188000000,X
NGA,1975-02-01,1975-02-28,159,'566,Nigeria,LCU,Local currency units per USD,NGN,Naira,1975,1975,7002,February,,0.614665929000000,X
NGA,1975-03-01,1975-03-31,159,'566,Nigeria,LCU,Local currency units per USD,NGN,Naira,1975,1975,7003,March,,0.613835861000000,X
NGA,1975-04-01,1975-04-30,159,'566,Nigeria,LCU,Local currency units per USD,NGN,Naira,1975,1975,7004,April,,0.613835861000000,X
NGA,1975-05-01,1975-05-31,159,'566,Nigeria,LCU,Local currency units per USD,NGN,Naira,1975,1975,7005,May,,0.613496933000000,X
NGA,1975-06-01,1975-06-30,159,'566,Nigeria,LCU,Local currency units per USD,NGN,Naira,1975,1975,7006,June,,0.607754954000000,X
NGA,1975-07-01,1975-07-31,159,'566,Nigeria,LCU,Local currency units per USD,NGN,Naira,1975,1975,7007,July,,0.607754954000000,X
NGA,1975-08-01,1975-08-31,159,'566,Nigeria,LCU,Local currency units per USD,NGN,Naira,1975,1975,7008,August,,0.611172229000000,X
NGA,1975-09-01,1975-09-30,159,'566,Nigeria,LCU,Local currency units per USD,NGN,Naira,1975,1975,7009,September,,0.617894217000000,X
NGA,1975-10-01,1975-10-31,159,'566,Nigeria,LCU,Local currency units per USD,NGN,Naira,1975,1975,7010,October,,0.625938909000000,X
NGA,1975-11-01,1975-11-30,159,'566,Nigeria,LCU,Local currency units per USD,NGN,Naira,1975,1975,7011,November,,0.617894217000000,X
NGA,1975-12-01,1975-12-31,159,'566,Nigeria,LCU,Local currency units per USD,NGN,Naira,1975,1975,7012,December,,0.625821391000000,X
NGA,1976-01-01,1976-12-31,159,'566,Nigeria,LCU,Local currency units per USD,NGN,Naira,1976,1976,7021,Annual value,,0.626601003700000,X
NGA,1976-01-01,1976-01-31,159,'566,Nigeria,LCU,Local currency units per USD,NGN,Naira,1976,1976,7001,January,,0.621658586000000,X
NGA,1976-02-01,1976-02-29,159,'566,Nigeria,LCU,Local currency units per USD,NGN,Naira,1976,1976,7002,February,,0.623519142000000,X
NGA,1976-03-01,1976-03-31,159,'566,Nigeria,LCU,Local currency units per USD,NGN,Naira,1976,1976,7003,March,,0.625078135000000,X
NGA,1976-04-01,1976-04-30,159,'566,Nigeria,LCU,Local currency units per USD,NGN,Naira,1976,1976,7004,April,,0.625078135000000,X
NGA,1976-05-01,1976-05-31,159,'566,Nigeria,LCU,Local currency units per USD,NGN,Naira,1976,1976,7005,May,,0.625078135000000,X
NGA,1976-06-01,1976-06-30,159,'566,Nigeria,LCU,Local currency units per USD,NGN,Naira,1976,1976,7006,June,,0.626487909000000,X
NGA,1976-07-01,1976-07-31,159,'566,Nigeria,LCU,Local currency units per USD,NGN,Naira,1976,1976,7007,July,,0.626566416000000,X
NGA,1976-08-01,1976-08-31,159,'566,Nigeria,LCU,Local currency units per USD,NGN,Naira,1976,1976,7008,August,,0.626566416000000,X
NGA,1976-09-01,1976-09-30,159,'566,Nigeria,LCU,Local currency units per USD,NGN,Naira,1976,1976,7009,September,,0.628377530000000,X
NGA,1976-10-01,1976-10-31,159,'566,Nigeria,LCU,Local currency units per USD,NGN,Naira,1976,1976,7010,October,,0.628733103000000,X
NGA,1976-11-01,1976-11-30,159,'566,Nigeria,LCU,Local currency units per USD,NGN,Naira,1976,1976,7011,November,,0.630994448000000,X
NGA,1976-12-01,1976-12-31,159,'566,Nigeria,LCU,Local currency units per USD,NGN,Naira,1976,1976,7012,December,,0.631074088000000,X
NGA,1977-01-01,1977-12-31,159,'566,Nigeria,LCU,Local currency units per USD,NGN,Naira,1977,1977,7021,Annual value,,0.644701062100000,X
NGA,1977-01-01,1977-01-31,159,'566,Nigeria,LCU,Local currency units per USD,NGN,Naira,1977,1977,7001,January,,0.631153750000000,X
NGA,1977-02-01,1977-02-28,159,'566,Nigeria,LCU,Local currency units per USD,NGN,Naira,1977,1977,7002,February,,0.631153750000000,X
NGA,1977-03-01,1977-03-31,159,'566,Nigeria,LCU,Local currency units per USD,NGN,Naira,1977,1977,7003,March,,0.631153750000000,X
NGA,1977-04-01,1977-04-30,159,'566,Nigeria,LCU,Local currency units per USD,NGN,Naira,1977,1977,7004,April,,0.632031349000000,X
NGA,1977-05-01,1977-05-31,159,'566,Nigeria,LCU,Local currency units per USD,NGN,Naira,1977,1977,7005,May,,0.651338501000000,X
NGA,1977-06-01,1977-06-30,159,'566,Nigeria,LCU,Local currency units per USD,NGN,Naira,1977,1977,7006,June,,0.651380928000000,X
NGA,1977-07-01,1977-07-31,159,'566,Nigeria,LCU,Local currency units per USD,NGN,Naira,1977,1977,7007,July,,0.651296080000000,X
NGA,1977-08-01,1977-08-31,159,'566,Nigeria,LCU,Local currency units per USD,NGN,Naira,1977,1977,7008,August,,0.651380928000000,X
NGA,1977-09-01,1977-09-30,159,'566,Nigeria,LCU,Local currency units per USD,NGN,Naira,1977,1977,7009,September,,0.651380928000000,X
NGA,1977-10-01,1977-10-31,159,'566,Nigeria,LCU,Local currency units per USD,NGN,Naira,1977,1977,7010,October,,0.651380928000000,X
NGA,1977-11-01,1977-11-30,159,'566,Nigeria,LCU,Local currency units per USD,NGN,Naira,1977,1977,7011,November,,0.651380928000000,X
NGA,1977-12-01,1977-12-31,159,'566,Nigeria,LCU,Local currency units per USD,NGN,Naira,1977,1977,7012,December,,0.651380928000000,X
NGA,1978-01-01,1978-12-31,159,'566,Nigeria,LCU,Local currency units per USD,NGN,Naira,1978,1978,7021,Annual value,,0.635271994300000,X
NGA,1978-01-01,1978-01-31,159,'566,Nigeria,LCU,Local currency units per USD,NGN,Naira,1978,1978,7001,January,,0.627470666000000,X
NGA,1978-02-01,1978-02-28,159,'566,Nigeria,LCU,Local currency units per USD,NGN,Naira,1978,1978,7002,February,,0.625860558000000,X
NGA,1978-03-01,1978-03-31,159,'566,Nigeria,LCU,Local currency units per USD,NGN,Naira,1978,1978,7003,March,,0.621851875000000,X
NGA,1978-04-01,1978-04-30,159,'566,Nigeria,LCU,Local currency units per USD,NGN,Naira,1978,1978,7004,April,,0.622703780000000,X
NGA,1978-05-01,1978-05-31,159,'566,Nigeria,LCU,Local currency units per USD,NGN,Naira,1978,1978,7005,May,,0.627116519000000,X
NGA,1978-06-01,1978-06-30,159,'566,Nigeria,LCU,Local currency units per USD,NGN,Naira,1978,1978,7006,June,,0.641025641000000,X
NGA,1978-07-01,1978-07-31,159,'566,Nigeria,LCU,Local currency units per USD,NGN,Naira,1978,1978,7007,July,,0.639427074000000,X
NGA,1978-08-01,1978-08-31,159,'566,Nigeria,LCU,Local currency units per USD,NGN,Naira,1978,1978,7008,August,,0.641025641000000,X
NGA,1978-09-01,1978-09-30,159,'566,Nigeria,LCU,Local currency units per USD,NGN,Naira,1978,1978,7009,September,,0.640000000000000,X
NGA,1978-10-01,1978-10-31,159,'566,Nigeria,LCU,Local currency units per USD,NGN,Naira,1978,1978,7010,October,,0.641025641000000,X
NGA,1978-11-01,1978-11-30,159,'566,Nigeria,LCU,Local currency units per USD,NGN,Naira,1978,1978,7011,November,,0.647668394000000,X
NGA,1978-12-01,1978-12-31,159,'566,Nigeria,LCU,Local currency units per USD,NGN,Naira,1978,1978,7012,December,,0.648088140000000,X
NGA,1979-01-01,1979-12-31,159,'566,Nigeria,LCU,Local currency units per USD,NGN,Naira,1979,1979,7021,Annual value,,0.604007374000000,X
NGA,1979-01-01,1979-01-31,159,'566,Nigeria,LCU,Local currency units per USD,NGN,Naira,1979,1979,7001,January,,0.648004147000000,X
NGA,1979-02-01,1979-02-28,159,'566,Nigeria,LCU,Local currency units per USD,NGN,Naira,1979,1979,7002,February,,0.647500648000000,X
NGA,1979-03-01,1979-03-31,159,'566,Nigeria,LCU,Local currency units per USD,NGN,Naira,1979,1979,7003,March,,0.636699351000000,X
NGA,1979-04-01,1979-04-30,159,'566,Nigeria,LCU,Local currency units per USD,NGN,Naira,1979,1979,7004,April,,0.620848079000000,X
NGA,1979-05-01,1979-05-31,159,'566,Nigeria,LCU,Local currency units per USD,NGN,Naira,1979,1979,7005,May,,0.615991130000000,X
NGA,1979-06-01,1979-06-30,159,'566,Nigeria,LCU,Local currency units per USD,NGN,Naira,1979,1979,7006,June,,0.607459604000000,X
NGA,1979-07-01,1979-07-31,159,'566,Nigeria,LCU,Local currency units per USD,NGN,Naira,1979,1979,7007,July,,0.590353622000000,X
NGA,1979-08-01,1979-08-31,159,'566,Nigeria,LCU,Local currency units per USD,NGN,Naira,1979,1979,7008,August,,0.580282017000000,X
NGA,1979-09-01,1979-09-30,159,'566,Nigeria,LCU,Local currency units per USD,NGN,Naira,1979,1979,7009,September,,0.574877839000000,X
NGA,1979-10-01,1979-10-31,159,'566,Nigeria,LCU,Local currency units per USD,NGN,Naira,1979,1979,7010,October,,0.575109271000000,X
NGA,1979-11-01,1979-11-30,159,'566,Nigeria,LCU,Local currency units per USD,NGN,Naira,1979,1979,7011,November,,0.580349370000000,X
NGA,1979-12-01,1979-12-31,159,'566,Nigeria,LCU,Local currency units per USD,NGN,Naira,1979,1979,7012,December,,0.570613409000000,X
NGA,1980-01-01,1980-12-31,159,'566,Nigeria,LCU,Local currency units per USD,NGN,Naira,1980,1980,7021,Annual value,,0.546780891900000,X
NGA,1980-01-01,1980-01-31,159,'566,Nigeria,LCU,Local currency units per USD,NGN,Naira,1980,1980,7001,January,,0.554323725000000,X
NGA,1980-02-01,1980-02-29,159,'566,Nigeria,LCU,Local currency units per USD,NGN,Naira,1980,1980,7002,February,,0.547765119000000,X
NGA,1980-03-01,1980-03-31,159,'566,Nigeria,LCU,Local currency units per USD,NGN,Naira,1980,1980,7003,March,,0.559159025000000,X
NGA,1980-04-01,1980-04-30,159,'566,Nigeria,LCU,Local currency units per USD,NGN,Naira,1980,1980,7004,April,,0.569962953000000,X
NGA,1980-05-01,1980-05-31,159,'566,Nigeria,LCU,Local currency units per USD,NGN,Naira,1980,1980,7005,May,,0.561135739000000,X
NGA,1980-06-01,1980-06-30,159,'566,Nigeria,LCU,Local currency units per USD,NGN,Naira,1980,1980,7006,June,,0.544306554000000,X
NGA,1980-07-01,1980-07-31,159,'566,Nigeria,LCU,Local currency units per USD,NGN,Naira,1980,1980,7007,July,,0.543124050000000,X
NGA,1980-08-01,1980-08-31,159,'566,Nigeria,LCU,Local currency units per USD,NGN,Naira,1980,1980,7008,August,,0.544306554000000,X
NGA,1980-09-01,1980-09-30,159,'566,Nigeria,LCU,Local currency units per USD,NGN,Naira,1980,1980,7009,September,,0.534245112000000,X
NGA,1980-10-01,1980-10-31,159,'566,Nigeria,LCU,Local currency units per USD,NGN,Naira,1980,1980,7010,October,,0.531180283000000,X
NGA,1980-11-01,1980-11-30,159,'566,Nigeria,LCU,Local currency units per USD,NGN,Naira,1980,1980,7011,November,,0.529885545000000,X
NGA,1980-12-01,1980-12-31,159,'566,Nigeria,LCU,Local currency units per USD,NGN,Naira,1980,1980,7012,December,,0.541976045000000,X
NGA,1981-01-01,1981-12-31,159,'566,Nigeria,LCU,Local currency units per USD,NGN,Naira,1981,1981,7021,Annual value,,0.617708175000000,X
NGA,1981-01-01,1981-01-31,159,'566,Nigeria,LCU,Local currency units per USD,NGN,Naira,1981,1981,7001,January,,0.534444979000000,X
NGA,1981-02-01,1981-02-28,159,'566,Nigeria,LCU,Local currency units per USD,NGN,Naira,1981,1981,7002,February,,0.546119819000000,X
NGA,1981-03-01,1981-03-31,159,'566,Nigeria,LCU,Local currency units per USD,NGN,Naira,1981,1981,7003,March,,0.572704886000000,X
NGA,1981-04-01,1981-04-30,159,'566,Nigeria,LCU,Local currency units per USD,NGN,Naira,1981,1981,7004,April,,0.577100647000000,X
NGA,1981-05-01,1981-05-31,159,'566,Nigeria,LCU,Local currency units per USD,NGN,Naira,1981,1981,7005,May,,0.599412576000000,X
NGA,1981-06-01,1981-06-30,159,'566,Nigeria,LCU,Local currency units per USD,NGN,Naira,1981,1981,7006,June,,0.639836202000000,X
NGA,1981-07-01,1981-07-31,159,'566,Nigeria,LCU,Local currency units per USD,NGN,Naira,1981,1981,7007,July,,0.656254102000000,X
NGA,1981-08-01,1981-08-31,159,'566,Nigeria,LCU,Local currency units per USD,NGN,Naira,1981,1981,7008,August,,0.690417012000000,X
NGA,1981-09-01,1981-09-30,159,'566,Nigeria,LCU,Local currency units per USD,NGN,Naira,1981,1981,7009,September,,0.665911967000000,X
NGA,1981-10-01,1981-10-31,159,'566,Nigeria,LCU,Local currency units per USD,NGN,Naira,1981,1981,7010,October,,0.660894852000000,X
NGA,1981-11-01,1981-11-30,159,'566,Nigeria,LCU,Local currency units per USD,NGN,Naira,1981,1981,7011,November,,0.633713562000000,X
NGA,1981-12-01,1981-12-31,159,'566,Nigeria,LCU,Local currency units per USD,NGN,Naira,1981,1981,7012,December,,0.635687496000000,X
NGA,1982-01-01,1982-12-31,159,'566,Nigeria,LCU,Local currency units per USD,NGN,Naira,1982,1982,7021,Annual value,,0.673461261500000,X
NGA,1982-01-01,1982-01-31,159,'566,Nigeria,LCU,Local currency units per USD,NGN,Naira,1982,1982,7001,January,,0.643749196000000,X
NGA,1982-02-01,1982-02-28,159,'566,Nigeria,LCU,Local currency units per USD,NGN,Naira,1982,1982,7002,February,,0.657246139000000,X
NGA,1982-03-01,1982-03-31,159,'566,Nigeria,LCU,Local currency units per USD,NGN,Naira,1982,1982,7003,March,,0.664275276000000,X
NGA,1982-04-01,1982-04-30,159,'566,Nigeria,LCU,Local currency units per USD,NGN,Naira,1982,1982,7004,April,,0.675538743000000,X
NGA,1982-05-01,1982-05-31,159,'566,Nigeria,LCU,Local currency units per USD,NGN,Naira,1982,1982,7005,May,,0.669433660000000,X
NGA,1982-06-01,1982-06-30,159,'566,Nigeria,LCU,Local currency units per USD,NGN,Naira,1982,1982,7006,June,,0.675538743000000,X
NGA,1982-07-01,1982-07-31,159,'566,Nigeria,LCU,Local currency units per USD,NGN,Naira,1982,1982,7007,July,,0.679393981000000,X
NGA,1982-08-01,1982-08-31,159,'566,Nigeria,LCU,Local currency units per USD,NGN,Naira,1982,1982,7008,August,,0.681013348000000,X
NGA,1982-09-01,1982-09-30,159,'566,Nigeria,LCU,Local currency units per USD,NGN,Naira,1982,1982,7009,September,,0.684275352000000,X
NGA,1982-10-01,1982-10-31,159,'566,Nigeria,LCU,Local currency units per USD,NGN,Naira,1982,1982,7010,October,,0.689845475000000,X
NGA,1982-11-01,1982-11-30,159,'566,Nigeria,LCU,Local currency units per USD,NGN,Naira,1982,1982,7011,November,,0.689227377000000,X
NGA,1982-12-01,1982-12-31,159,'566,Nigeria,LCU,Local currency units per USD,NGN,Naira,1982,1982,7012,December,,0.671997850000000,X
NGA,1983-01-01,1983-12-31,159,'566,Nigeria,LCU,Local currency units per USD,NGN,Naira,1983,1983,7021,Annual value,,0.724409851200000,X
NGA,1983-01-01,1983-01-31,159,'566,Nigeria,LCU,Local currency units per USD,NGN,Naira,1983,1983,7001,January,,0.673627485000000,X
NGA,1983-02-01,1983-02-28,159,'566,Nigeria,LCU,Local currency units per USD,NGN,Naira,1983,1983,7002,February,,0.691658597000000,X
NGA,1983-03-01,1983-03-31,159,'566,Nigeria,LCU,Local currency units per USD,NGN,Naira,1983,1983,7003,March,,0.699741096000000,X
NGA,1983-04-01,1983-04-30,159,'566,Nigeria,LCU,Local currency units per USD,NGN,Naira,1983,1983,7004,April,,0.708817693000000,X
NGA,1983-05-01,1983-05-31,159,'566,Nigeria,LCU,Local currency units per USD,NGN,Naira,1983,1983,7005,May,,0.704771302000000,X
NGA,1983-06-01,1983-06-30,159,'566,Nigeria,LCU,Local currency units per USD,NGN,Naira,1983,1983,7006,June,,0.726849833000000,X
NGA,1983-07-01,1983-07-31,159,'566,Nigeria,LCU,Local currency units per USD,NGN,Naira,1983,1983,7007,July,,0.744657085000000,X
NGA,1983-08-01,1983-08-31,159,'566,Nigeria,LCU,Local currency units per USD,NGN,Naira,1983,1983,7008,August,,0.748559024000000,X
NGA,1983-09-01,1983-09-30,159,'566,Nigeria,LCU,Local currency units per USD,NGN,Naira,1983,1983,7009,September,,0.748559024000000,X
NGA,1983-10-01,1983-10-31,159,'566,Nigeria,LCU,Local currency units per USD,NGN,Naira,1983,1983,7010,October,,0.748559024000000,X
NGA,1983-11-01,1983-11-30,159,'566,Nigeria,LCU,Local currency units per USD,NGN,Naira,1983,1983,7011,November,,0.748559024000000,X
NGA,1983-12-01,1983-12-31,159,'566,Nigeria,LCU,Local currency units per USD,NGN,Naira,1983,1983,7012,December,,0.748559024000000,X
NGA,1984-01-01,1984-12-31,159,'566,Nigeria,LCU,Local currency units per USD,NGN,Naira,1984,1984,7021,Annual value,,0.766527449100000,X
NGA,1984-01-01,1984-01-31,159,'566,Nigeria,LCU,Local currency units per USD,NGN,Naira,1984,1984,7001,January,,0.748559024000000,X
NGA,1984-02-01,1984-02-29,159,'566,Nigeria,LCU,Local currency units per USD,NGN,Naira,1984,1984,7002,February,,0.748559024000000,X
NGA,1984-03-01,1984-03-31,159,'566,Nigeria,LCU,Local currency units per USD,NGN,Naira,1984,1984,7003,March,,0.748559024000000,X
NGA,1984-04-01,1984-04-30,159,'566,Nigeria,LCU,Local currency units per USD,NGN,Naira,1984,1984,7004,April,,0.748559024000000,X
NGA,1984-05-01,1984-05-31,159,'566,Nigeria,LCU,Local currency units per USD,NGN,Naira,1984,1984,7005,May,,0.748559024000000,X
NGA,1984-06-01,1984-06-30,159,'566,Nigeria,LCU,Local currency units per USD,NGN,Naira,1984,1984,7006,June,,0.754204692000000,X
NGA,1984-07-01,1984-07-31,159,'566,Nigeria,LCU,Local currency units per USD,NGN,Naira,1984,1984,7007,July,,0.767577525000000,X
NGA,1984-08-01,1984-08-31,159,'566,Nigeria,LCU,Local currency units per USD,NGN,Naira,1984,1984,7008,August,,0.767577525000000,X
NGA,1984-09-01,1984-09-30,159,'566,Nigeria,LCU,Local currency units per USD,NGN,Naira,1984,1984,7009,September,,0.767577525000000,X
NGA,1984-10-01,1984-10-31,159,'566,Nigeria,LCU,Local currency units per USD,NGN,Naira,1984,1984,7010,October,,0.787339000000000,X
NGA,1984-11-01,1984-11-30,159,'566,Nigeria,LCU,Local currency units per USD,NGN,Naira,1984,1984,7011,November,,0.804958000000000,X
NGA,1984-12-01,1984-12-31,159,'566,Nigeria,LCU,Local currency units per USD,NGN,Naira,1984,1984,7012,December,,0.806300000000000,X
NGA,1985-01-01,1985-12-31,159,'566,Nigeria,LCU,Local currency units per USD,NGN,Naira,1985,1985,7021,Annual value,,0.893774083300000,X
NGA,1985-01-01,1985-01-31,159,'566,Nigeria,LCU,Local currency units per USD,NGN,Naira,1985,1985,7001,January,,0.820300000000000,X
NGA,1985-02-01,1985-02-28,159,'566,Nigeria,LCU,Local currency units per USD,NGN,Naira,1985,1985,7002,February,,0.847700000000000,X
NGA,1985-03-01,1985-03-31,159,'566,Nigeria,LCU,Local currency units per USD,NGN,Naira,1985,1985,7003,March,,0.874600000000000,X
NGA,1985-04-01,1985-04-30,159,'566,Nigeria,LCU,Local currency units per USD,NGN,Naira,1985,1985,7004,April,,0.882600000000000,X
NGA,1985-05-01,1985-05-31,159,'566,Nigeria,LCU,Local currency units per USD,NGN,Naira,1985,1985,7005,May,,0.891600000000000,X
NGA,1985-06-01,1985-06-30,159,'566,Nigeria,LCU,Local currency units per USD,NGN,Naira,1985,1985,7006,June,,0.895090000000000,X
NGA,1985-07-01,1985-07-31,159,'566,Nigeria,LCU,Local currency units per USD,NGN,Naira,1985,1985,7007,July,,0.895090000000000,X
NGA,1985-08-01,1985-08-31,159,'566,Nigeria,LCU,Local currency units per USD,NGN,Naira,1985,1985,7008,August,,0.900000000000000,X
NGA,1985-09-01,1985-09-30,159,'566,Nigeria,LCU,Local currency units per USD,NGN,Naira,1985,1985,7009,September,,0.912900000000000,X
NGA,1985-10-01,1985-10-31,159,'566,Nigeria,LCU,Local currency units per USD,NGN,Naira,1985,1985,7010,October,,0.922500000000000,X
NGA,1985-11-01,1985-11-30,159,'566,Nigeria,LCU,Local currency units per USD,NGN,Naira,1985,1985,7011,November,,0.923400000000000,X
NGA,1985-12-01,1985-12-31,159,'566,Nigeria,LCU,Local currency units per USD,NGN,Naira,1985,1985,7012,December,,0.959509000000000,X
NGA,1986-01-01,1986-12-31,159,'566,Nigeria,LCU,Local currency units per USD,NGN,Naira,1986,1986,7021,Annual value,,1.754523004100000,X
NGA,1986-01-01,1986-01-31,159,'566,Nigeria,LCU,Local currency units per USD,NGN,Naira,1986,1986,7001,January,,0.999600000000000,X
NGA,1986-02-01,1986-02-28,159,'566,Nigeria,LCU,Local currency units per USD,NGN,Naira,1986,1986,7002,February,,0.999600000000000,X
NGA,1986-03-01,1986-03-31,159,'566,Nigeria,LCU,Local currency units per USD,NGN,Naira,1986,1986,7003,March,,1.001600000000000,X
NGA,1986-04-01,1986-04-30,159,'566,Nigeria,LCU,Local currency units per USD,NGN,Naira,1986,1986,7004,April,,1.018500000000000,X
NGA,1986-05-01,1986-05-31,159,'566,Nigeria,LCU,Local currency units per USD,NGN,Naira,1986,1986,7005,May,,1.034100000000000,X
NGA,1986-06-01,1986-06-30,159,'566,Nigeria,LCU,Local currency units per USD,NGN,Naira,1986,1986,7006,June,,1.124860000000000,X
NGA,1986-07-01,1986-07-31,159,'566,Nigeria,LCU,Local currency units per USD,NGN,Naira,1986,1986,7007,July,,1.269300000000000,X
NGA,1986-08-01,1986-08-31,159,'566,Nigeria,LCU,Local currency units per USD,NGN,Naira,1986,1986,7008,August,,1.329430000000000,X
NGA,1986-09-01,1986-09-30,159,'566,Nigeria,LCU,Local currency units per USD,NGN,Naira,1986,1986,7009,September,,1.442200000000000,X
NGA,1986-10-01,1986-10-31,159,'566,Nigeria,LCU,Local currency units per USD,NGN,Naira,1986,1986,7010,October,,4.120313144000000,X
NGA,1986-11-01,1986-11-30,159,'566,Nigeria,LCU,Local currency units per USD,NGN,Naira,1986,1986,7011,November,,3.531073446000000,X
NGA,1986-12-01,1986-12-31,159,'566,Nigeria,LCU,Local currency units per USD,NGN,Naira,1986,1986,7012,December,,3.183699459000000,X
NGA,1987-01-01,1987-12-31,159,'566,Nigeria,LCU,Local currency units per USD,NGN,Naira,1987,1987,7021,Annual value,,4.016037344300000,X
NGA,1987-01-01,1987-01-31,159,'566,Nigeria,LCU,Local currency units per USD,NGN,Naira,1987,1987,7001,January,,3.646973012000000,X
NGA,1987-02-01,1987-02-28,159,'566,Nigeria,LCU,Local currency units per USD,NGN,Naira,1987,1987,7002,February,,3.700962250000000,X
NGA,1987-03-01,1987-03-31,159,'566,Nigeria,LCU,Local currency units per USD,NGN,Naira,1987,1987,7003,March,,3.921568628000000,X
NGA,1987-04-01,1987-04-30,159,'566,Nigeria,LCU,Local currency units per USD,NGN,Naira,1987,1987,7004,April,,3.904724717000000,X
NGA,1987-05-01,1987-05-31,159,'566,Nigeria,LCU,Local currency units per USD,NGN,Naira,1987,1987,7005,May,,4.101722724000000,X
NGA,1987-06-01,1987-06-30,159,'566,Nigeria,LCU,Local currency units per USD,NGN,Naira,1987,1987,7006,June,,4.088307441000000,X
NGA,1987-07-01,1987-07-31,159,'566,Nigeria,LCU,Local currency units per USD,NGN,Naira,1987,1987,7007,July,,3.808073115000000,X
NGA,1987-08-01,1987-08-31,159,'566,Nigeria,LCU,Local currency units per USD,NGN,Naira,1987,1987,7008,August,,4.081632653000000,X
NGA,1987-09-01,1987-09-30,159,'566,Nigeria,LCU,Local currency units per USD,NGN,Naira,1987,1987,7009,September,,4.206983593000000,X
NGA,1987-10-01,1987-10-31,159,'566,Nigeria,LCU,Local currency units per USD,NGN,Naira,1987,1987,7010,October,,4.276100000000000,X
NGA,1987-11-01,1987-11-30,159,'566,Nigeria,LCU,Local currency units per USD,NGN,Naira,1987,1987,7011,November,,4.289000000000000,X
NGA,1987-12-01,1987-12-31,159,'566,Nigeria,LCU,Local currency units per USD,NGN,Naira,1987,1987,7012,December,,4.166400000000000,X
NGA,1988-01-01,1988-12-31,159,'566,Nigeria,LCU,Local currency units per USD,NGN,Naira,1988,1988,7021,Annual value,,4.536966666700000,X
NGA,1988-01-01,1988-01-31,159,'566,Nigeria,LCU,Local currency units per USD,NGN,Naira,1988,1988,7001,January,,4.174800000000000,X
NGA,1988-02-01,1988-02-29,159,'566,Nigeria,LCU,Local currency units per USD,NGN,Naira,1988,1988,7002,February,,4.261050000000000,X
NGA,1988-03-01,1988-03-31,159,'566,Nigeria,LCU,Local currency units per USD,NGN,Naira,1988,1988,7003,March,,4.316900000000000,X
NGA,1988-04-01,1988-04-30,159,'566,Nigeria,LCU,Local currency units per USD,NGN,Naira,1988,1988,7004,April,,4.202300000000000,X
NGA,1988-05-01,1988-05-31,159,'566,Nigeria,LCU,Local currency units per USD,NGN,Naira,1988,1988,7005,May,,4.110300000000000,X
NGA,1988-06-01,1988-06-30,159,'566,Nigeria,LCU,Local currency units per USD,NGN,Naira,1988,1988,7006,June,,4.191300000000000,X
NGA,1988-07-01,1988-07-31,159,'566,Nigeria,LCU,Local currency units per USD,NGN,Naira,1988,1988,7007,July,,4.608650000000000,X
NGA,1988-08-01,1988-08-31,159,'566,Nigeria,LCU,Local currency units per USD,NGN,Naira,1988,1988,7008,August,,4.585900000000000,X
NGA,1988-09-01,1988-09-30,159,'566,Nigeria,LCU,Local currency units per USD,NGN,Naira,1988,1988,7009,September,,4.716700000000000,X
NGA,1988-10-01,1988-10-31,159,'566,Nigeria,LCU,Local currency units per USD,NGN,Naira,1988,1988,7010,October,,4.774800000000000,X
NGA,1988-11-01,1988-11-30,159,'566,Nigeria,LCU,Local currency units per USD,NGN,Naira,1988,1988,7011,November,,5.147900000000000,X
NGA,1988-12-01,1988-12-31,159,'566,Nigeria,LCU,Local currency units per USD,NGN,Naira,1988,1988,7012,December,,5.353000000000000,X
NGA,1989-01-01,1989-12-31,159,'566,Nigeria,LCU,Local currency units per USD,NGN,Naira,1989,1989,7021,Annual value,,7.364735000000000,X
NGA,1989-01-01,1989-01-31,159,'566,Nigeria,LCU,Local currency units per USD,NGN,Naira,1989,1989,7001,January,,6.715920000000000,X
NGA,1989-02-01,1989-02-28,159,'566,Nigeria,LCU,Local currency units per USD,NGN,Naira,1989,1989,7002,February,,7.382800000000000,X
NGA,1989-03-01,1989-03-31,159,'566,Nigeria,LCU,Local currency units per USD,NGN,Naira,1989,1989,7003,March,,7.587100000000000,X
NGA,1989-04-01,1989-04-30,159,'566,Nigeria,LCU,Local currency units per USD,NGN,Naira,1989,1989,7004,April,,7.580800000000000,X
NGA,1989-05-01,1989-05-31,159,'566,Nigeria,LCU,Local currency units per USD,NGN,Naira,1989,1989,7005,May,,7.505100000000000,X
NGA,1989-06-01,1989-06-30,159,'566,Nigeria,LCU,Local currency units per USD,NGN,Naira,1989,1989,7006,June,,7.347700000000000,X
NGA,1989-07-01,1989-07-31,159,'566,Nigeria,LCU,Local currency units per USD,NGN,Naira,1989,1989,7007,July,,7.138800000000000,X
NGA,1989-08-01,1989-08-31,159,'566,Nigeria,LCU,Local currency units per USD,NGN,Naira,1989,1989,7008,August,,7.259300000000000,X
NGA,1989-09-01,1989-09-30,159,'566,Nigeria,LCU,Local currency units per USD,NGN,Naira,1989,1989,7009,September,,7.340100000000000,X
NGA,1989-10-01,1989-10-31,159,'566,Nigeria,LCU,Local currency units per USD,NGN,Naira,1989,1989,7010,October,,7.393400000000000,X
NGA,1989-11-01,1989-11-30,159,'566,Nigeria,LCU,Local currency units per USD,NGN,Naira,1989,1989,7011,November,,7.503700000000000,X
NGA,1989-12-01,1989-12-31,159,'566,Nigeria,LCU,Local currency units per USD,NGN,Naira,1989,1989,7012,December,,7.622100000000000,X
NGA,1990-01-01,1990-12-31,159,'566,Nigeria,LCU,Local currency units per USD,NGN,Naira,1990,1990,7021,Annual value,,8.038285000000000,X
NGA,1990-01-01,1990-01-31,159,'566,Nigeria,LCU,Local currency units per USD,NGN,Naira,1990,1990,7001,January,,7.862100000000000,X
NGA,1990-02-01,1990-02-28,159,'566,Nigeria,LCU,Local currency units per USD,NGN,Naira,1990,1990,7002,February,,7.900900000000000,X
NGA,1990-03-01,1990-03-31,159,'566,Nigeria,LCU,Local currency units per USD,NGN,Naira,1990,1990,7003,March,,7.938800000000000,X
NGA,1990-04-01,1990-04-30,159,'566,Nigeria,LCU,Local currency units per USD,NGN,Naira,1990,1990,7004,April,,7.942810000000000,X
NGA,1990-05-01,1990-05-31,159,'566,Nigeria,LCU,Local currency units per USD,NGN,Naira,1990,1990,7005,May,,7.942810000000000,X
NGA,1990-06-01,1990-06-30,159,'566,Nigeria,LCU,Local currency units per USD,NGN,Naira,1990,1990,7006,June,,7.942400000000000,X
NGA,1990-07-01,1990-07-31,159,'566,Nigeria,LCU,Local currency units per USD,NGN,Naira,1990,1990,7007,July,,7.952300000000000,X
NGA,1990-08-01,1990-08-31,159,'566,Nigeria,LCU,Local currency units per USD,NGN,Naira,1990,1990,7008,August,,7.962300000000000,X
NGA,1990-09-01,1990-09-30,159,'566,Nigeria,LCU,Local currency units per USD,NGN,Naira,1990,1990,7009,September,,7.974300000000000,X
NGA,1990-10-01,1990-10-31,159,'566,Nigeria,LCU,Local currency units per USD,NGN,Naira,1990,1990,7010,October,,8.008900000000001,X
NGA,1990-11-01,1990-11-30,159,'566,Nigeria,LCU,Local currency units per USD,NGN,Naira,1990,1990,7011,November,,8.324700000000000,X
NGA,1990-12-01,1990-12-31,159,'566,Nigeria,LCU,Local currency units per USD,NGN,Naira,1990,1990,7012,December,,8.707100000000000,X
NGA,1991-01-01,1991-12-31,159,'566,Nigeria,LCU,Local currency units per USD,NGN,Naira,1991,1991,7021,Annual value,,9.909491666699999,X
NGA,1991-01-01,1991-01-31,159,'566,Nigeria,LCU,Local currency units per USD,NGN,Naira,1991,1991,7001,January,,9.212100000000000,X
NGA,1991-02-01,1991-02-28,159,'566,Nigeria,LCU,Local currency units per USD,NGN,Naira,1991,1991,7002,February,,9.610799999999999,X
NGA,1991-03-01,1991-03-31,159,'566,Nigeria,LCU,Local currency units per USD,NGN,Naira,1991,1991,7003,March,,9.452100000000000,X
NGA,1991-04-01,1991-04-30,159,'566,Nigeria,LCU,Local currency units per USD,NGN,Naira,1991,1991,7004,April,,8.869100000000000,X
NGA,1991-05-01,1991-05-31,159,'566,Nigeria,LCU,Local currency units per USD,NGN,Naira,1991,1991,7005,May,,9.369999999999999,X
NGA,1991-06-01,1991-06-30,159,'566,Nigeria,LCU,Local currency units per USD,NGN,Naira,1991,1991,7006,June,,10.172200000000000,X
NGA,1991-07-01,1991-07-31,159,'566,Nigeria,LCU,Local currency units per USD,NGN,Naira,1991,1991,7007,July,,11.047400000000000,X
NGA,1991-08-01,1991-08-31,159,'566,Nigeria,LCU,Local currency units per USD,NGN,Naira,1991,1991,7008,August,,11.327999999999999,X
NGA,1991-09-01,1991-09-30,159,'566,Nigeria,LCU,Local currency units per USD,NGN,Naira,1991,1991,7009,September,,10.241600000000000,X
NGA,1991-10-01,1991-10-31,159,'566,Nigeria,LCU,Local currency units per USD,NGN,Naira,1991,1991,7010,October,,9.880500000000000,X
NGA,1991-11-01,1991-11-30,159,'566,Nigeria,LCU,Local currency units per USD,NGN,Naira,1991,1991,7011,November,,9.865100000000000,X
NGA,1991-12-01,1991-12-31,159,'566,Nigeria,LCU,Local currency units per USD,NGN,Naira,1991,1991,7012,December,,9.865000000000000,X
NGA,1992-01-01,1992-12-31,159,'566,Nigeria,LCU,Local currency units per USD,NGN,Naira,1992,1992,7021,Annual value,,17.298425000000002,X
NGA,1992-01-01,1992-01-31,159,'566,Nigeria,LCU,Local currency units per USD,NGN,Naira,1992,1992,7001,January,,9.562700000000000,X
NGA,1992-02-01,1992-02-29,159,'566,Nigeria,LCU,Local currency units per USD,NGN,Naira,1992,1992,7002,February,,10.226100000000001,X
NGA,1992-03-01,1992-03-31,159,'566,Nigeria,LCU,Local currency units per USD,NGN,Naira,1992,1992,7003,March,,17.610700000000001,X
NGA,1992-04-01,1992-04-30,159,'566,Nigeria,LCU,Local currency units per USD,NGN,Naira,1992,1992,7004,April,,18.507000000000001,X
NGA,1992-05-01,1992-05-31,159,'566,Nigeria,LCU,Local currency units per USD,NGN,Naira,1992,1992,7005,May,,18.459800000000001,X
NGA,1992-06-01,1992-06-30,159,'566,Nigeria,LCU,Local currency units per USD,NGN,Naira,1992,1992,7006,June,,18.456299999999999,X
NGA,1992-07-01,1992-07-31,159,'566,Nigeria,LCU,Local currency units per USD,NGN,Naira,1992,1992,7007,July,,18.437899999999999,X
NGA,1992-08-01,1992-08-31,159,'566,Nigeria,LCU,Local currency units per USD,NGN,Naira,1992,1992,7008,August,,18.481400000000001,X
NGA,1992-09-01,1992-09-30,159,'566,Nigeria,LCU,Local currency units per USD,NGN,Naira,1992,1992,7009,September,,19.349699999999999,X
NGA,1992-10-01,1992-10-31,159,'566,Nigeria,LCU,Local currency units per USD,NGN,Naira,1992,1992,7010,October,,19.388999999999999,X
NGA,1992-11-01,1992-11-30,159,'566,Nigeria,LCU,Local currency units per USD,NGN,Naira,1992,1992,7011,November,,19.439599999999999,X
NGA,1992-12-01,1992-12-31,159,'566,Nigeria,LCU,Local currency units per USD,NGN,Naira,1992,1992,7012,December,,19.660900000000002,X
NGA,1993-01-01,1993-12-31,159,'566,Nigeria,LCU,Local currency units per USD,NGN,Naira,1993,1993,7021,Annual value,,22.065400000000000,X
NGA,1993-01-01,1993-01-31,159,'566,Nigeria,LCU,Local currency units per USD,NGN,Naira,1993,1993,7001,January,,20.116599999999998,X
NGA,1993-02-01,1993-02-28,159,'566,Nigeria,LCU,Local currency units per USD,NGN,Naira,1993,1993,7002,February,,21.847799999999999,X
NGA,1993-03-01,1993-03-31,159,'566,Nigeria,LCU,Local currency units per USD,NGN,Naira,1993,1993,7003,March,,24.865100000000002,X
NGA,1993-04-01,1993-04-30,159,'566,Nigeria,LCU,Local currency units per USD,NGN,Naira,1993,1993,7004,April,,22.646699999999999,X
NGA,1993-05-01,1993-05-31,159,'566,Nigeria,LCU,Local currency units per USD,NGN,Naira,1993,1993,7005,May,,21.995999999999999,X
NGA,1993-06-01,1993-06-30,159,'566,Nigeria,LCU,Local currency units per USD,NGN,Naira,1993,1993,7006,June,,21.995999999999999,X
NGA,1993-07-01,1993-07-31,159,'566,Nigeria,LCU,Local currency units per USD,NGN,Naira,1993,1993,7007,July,,21.886099999999999,X
NGA,1993-08-01,1993-08-31,159,'566,Nigeria,LCU,Local currency units per USD,NGN,Naira,1993,1993,7008,August,,21.886099999999999,X
NGA,1993-09-01,1993-09-30,159,'566,Nigeria,LCU,Local currency units per USD,NGN,Naira,1993,1993,7009,September,,21.886099999999999,X
NGA,1993-10-01,1993-10-31,159,'566,Nigeria,LCU,Local currency units per USD,NGN,Naira,1993,1993,7010,October,,21.886099999999999,X
NGA,1993-11-01,1993-11-30,159,'566,Nigeria,LCU,Local currency units per USD,NGN,Naira,1993,1993,7011,November,,21.886099999999999,X
NGA,1993-12-01,1993-12-31,159,'566,Nigeria,LCU,Local currency units per USD,NGN,Naira,1993,1993,7012,December,,21.886099999999999,X
NGA,1994-01-01,1994-12-31,159,'566,Nigeria,LCU,Local currency units per USD,NGN,Naira,1994,1994,7021,Annual value,,21.995999999999999,X
NGA,1994-01-01,1994-01-31,159,'566,Nigeria,LCU,Local currency units per USD,NGN,Naira,1994,1994,7001,January,,21.995999999999999,X
NGA,1994-02-01,1994-02-28,159,'566,Nigeria,LCU,Local currency units per USD,NGN,Naira,1994,1994,7002,February,,21.995999999999999,X
NGA,1994-03-01,1994-03-31,159,'566,Nigeria,LCU,Local currency units per USD,NGN,Naira,1994,1994,7003,March,,21.995999999999999,X
NGA,1994-04-01,1994-04-30,159,'566,Nigeria,LCU,Local currency units per USD,NGN,Naira,1994,1994,7004,April,,21.995999999999999,X
NGA,1994-05-01,1994-05-31,159,'566,Nigeria,LCU,Local currency units per USD,NGN,Naira,1994,1994,7005,May,,21.995999999999999,X
NGA,1994-06-01,1994-06-30,159,'566,Nigeria,LCU,Local currency units per USD,NGN,Naira,1994,1994,7006,June,,21.995999999999999,X
NGA,1994-07-01,1994-07-31,159,'566,Nigeria,LCU,Local currency units per USD,NGN,Naira,1994,1994,7007,July,,21.995999999999999,X
NGA,1994-08-01,1994-08-31,159,'566,Nigeria,LCU,Local currency units per USD,NGN,Naira,1994,1994,7008,August,,21.995999999999999,X
NGA,1994-09-01,1994-09-30,159,'566,Nigeria,LCU,Local currency units per USD,NGN,Naira,1994,1994,7009,September,,21.995999999999999,X
NGA,1994-10-01,1994-10-31,159,'566,Nigeria,LCU,Local currency units per USD,NGN,Naira,1994,1994,7010,October,,21.995999999999999,X
NGA,1994-11-01,1994-11-30,159,'566,Nigeria,LCU,Local currency units per USD,NGN,Naira,1994,1994,7011,November,,21.995999999999999,X
NGA,1994-12-01,1994-12-31,159,'566,Nigeria,LCU,Local currency units per USD,NGN,Naira,1994,1994,7012,December,,21.995999999999999,X
NGA,1995-01-01,1995-12-31,159,'566,Nigeria,LCU,Local currency units per USD,NGN,Naira,1995,1995,7021,Annual value,,21.895258333299999,X
NGA,1995-01-01,1995-01-31,159,'566,Nigeria,LCU,Local currency units per USD,NGN,Naira,1995,1995,7001,January,,21.995999999999999,X
NGA,1995-02-01,1995-02-28,159,'566,Nigeria,LCU,Local currency units per USD,NGN,Naira,1995,1995,7002,February,,21.886099999999999,X
NGA,1995-03-01,1995-03-31,159,'566,Nigeria,LCU,Local currency units per USD,NGN,Naira,1995,1995,7003,March,,21.886099999999999,X
NGA,1995-04-01,1995-04-30,159,'566,Nigeria,LCU,Local currency units per USD,NGN,Naira,1995,1995,7004,April,,21.886099999999999,X
NGA,1995-05-01,1995-05-31,159,'566,Nigeria,LCU,Local currency units per USD,NGN,Naira,1995,1995,7005,May,,21.886099999999999,X
NGA,1995-06-01,1995-06-30,159,'566,Nigeria,LCU,Local currency units per USD,NGN,Naira,1995,1995,7006,June,,21.886099999999999,X
NGA,1995-07-01,1995-07-31,159,'566,Nigeria,LCU,Local currency units per USD,NGN,Naira,1995,1995,7007,July,,21.886099999999999,X
NGA,1995-08-01,1995-08-31,159,'566,Nigeria,LCU,Local currency units per USD,NGN,Naira,1995,1995,7008,August,,21.886099999999999,X
NGA,1995-09-01,1995-09-30,159,'566,Nigeria,LCU,Local currency units per USD,NGN,Naira,1995,1995,7009,September,,21.886099999999999,X
NGA,1995-10-01,1995-10-31,159,'566,Nigeria,LCU,Local currency units per USD,NGN,Naira,1995,1995,7010,October,,21.886099999999999,X
NGA,1995-11-01,1995-11-30,159,'566,Nigeria,LCU,Local currency units per USD,NGN,Naira,1995,1995,7011,November,,21.886099999999999,X
NGA,1995-12-01,1995-12-31,159,'566,Nigeria,LCU,Local currency units per USD,NGN,Naira,1995,1995,7012,December,,21.886099999999999,X
NGA,1996-01-01,1996-12-31,159,'566,Nigeria,LCU,Local currency units per USD,NGN,Naira,1996,1996,7021,Annual value,,21.884425000000000,X
NGA,1996-01-01,1996-01-31,159,'566,Nigeria,LCU,Local currency units per USD,NGN,Naira,1996,1996,7001,January,,21.886099999999999,X
NGA,1996-02-01,1996-02-29,159,'566,Nigeria,LCU,Local currency units per USD,NGN,Naira,1996,1996,7002,February,,21.886099999999999,X
NGA,1996-03-01,1996-03-31,159,'566,Nigeria,LCU,Local currency units per USD,NGN,Naira,1996,1996,7003,March,,21.886099999999999,X
NGA,1996-04-01,1996-04-30,159,'566,Nigeria,LCU,Local currency units per USD,NGN,Naira,1996,1996,7004,April,,21.886099999999999,X
NGA,1996-05-01,1996-05-31,159,'566,Nigeria,LCU,Local currency units per USD,NGN,Naira,1996,1996,7005,May,,21.886099999999999,X
NGA,1996-06-01,1996-06-30,159,'566,Nigeria,LCU,Local currency units per USD,NGN,Naira,1996,1996,7006,June,,21.886099999999999,X
NGA,1996-07-01,1996-07-31,159,'566,Nigeria,LCU,Local currency units per USD,NGN,Naira,1996,1996,7007,July,,21.886099999999999,X
NGA,1996-08-01,1996-08-31,159,'566,Nigeria,LCU,Local currency units per USD,NGN,Naira,1996,1996,7008,August,,21.886050000000001,X
NGA,1996-09-01,1996-09-30,159,'566,Nigeria,LCU,Local currency units per USD,NGN,Naira,1996,1996,7009,September,,21.886050000000001,X
NGA,1996-10-01,1996-10-31,159,'566,Nigeria,LCU,Local currency units per USD,NGN,Naira,1996,1996,7010,October,,21.866099999999999,X
NGA,1996-11-01,1996-11-30,159,'566,Nigeria,LCU,Local currency units per USD,NGN,Naira,1996,1996,7011,November,,21.886099999999999,X
NGA,1996-12-01,1996-12-31,159,'566,Nigeria,LCU,Local currency units per USD,NGN,Naira,1996,1996,7012,December,,21.886099999999999,X
NGA,1997-01-01,1997-12-31,159,'566,Nigeria,LCU,Local currency units per USD,NGN,Naira,1997,1997,7021,Annual value,,21.886050000000001,X
NGA,1997-01-01,1997-01-31,159,'566,Nigeria,LCU,Local currency units per USD,NGN,Naira,1997,1997,7001,January,,21.886099999999999,X
NGA,1997-02-01,1997-02-28,159,'566,Nigeria,LCU,Local currency units per USD,NGN,Naira,1997,1997,7002,February,,21.886099999999999,X
NGA,1997-03-01,1997-03-31,159,'566,Nigeria,LCU,Local currency units per USD,NGN,Naira,1997,1997,7003,March,,21.886099999999999,X
NGA,1997-04-01,1997-04-30,159,'566,Nigeria,LCU,Local currency units per USD,NGN,Naira,1997,1997,7004,April,,21.886099999999999,X
NGA,1997-05-01,1997-05-31,159,'566,Nigeria,LCU,Local currency units per USD,NGN,Naira,1997,1997,7005,May,,21.886099999999999,X
NGA,1997-06-01,1997-06-30,159,'566,Nigeria,LCU,Local currency units per USD,NGN,Naira,1997,1997,7006,June,,21.886099999999999,X
NGA,1997-07-01,1997-07-31,159,'566,Nigeria,LCU,Local currency units per USD,NGN,Naira,1997,1997,7007,July,,21.885999999999999,X
NGA,1997-08-01,1997-08-31,159,'566,Nigeria,LCU,Local currency units per USD,NGN,Naira,1997,1997,7008,August,,21.885999999999999,X
NGA,1997-09-01,1997-09-30,159,'566,Nigeria,LCU,Local currency units per USD,NGN,Naira,1997,1997,7009,September,,21.885999999999999,X
NGA,1997-10-01,1997-10-31,159,'566,Nigeria,LCU,Local currency units per USD,NGN,Naira,1997,1997,7010,October,,21.885999999999999,X
NGA,1997-11-01,1997-11-30,159,'566,Nigeria,LCU,Local currency units per USD,NGN,Naira,1997,1997,7011,November,,21.885999999999999,X
NGA,1997-12-01,1997-12-31,159,'566,Nigeria,LCU,Local currency units per USD,NGN,Naira,1997,1997,7012,December,,21.885999999999999,X
NGA,1998-01-01,1998-12-31,159,'566,Nigeria,LCU,Local currency units per USD,NGN,Naira,1998,1998,7021,Annual value,,21.885999999999999,X
NGA,1998-01-01,1998-01-31,159,'566,Nigeria,LCU,Local currency units per USD,NGN,Naira,1998,1998,7001,January,,21.885999999999999,X
NGA,1998-02-01,1998-02-28,159,'566,Nigeria,LCU,Local currency units per USD,NGN,Naira,1998,1998,7002,February,,21.885999999999999,X
NGA,1998-03-01,1998-03-31,159,'566,Nigeria,LCU,Local currency units per USD,NGN,Naira,1998,1998,7003,March,,21.885999999999999,X
NGA,1998-04-01,1998-04-30,159,'566,Nigeria,LCU,Local currency units per USD,NGN,Naira,1998,1998,7004,April,,21.885999999999999,X
NGA,1998-05-01,1998-05-31,159,'566,Nigeria,LCU,Local currency units per USD,NGN,Naira,1998,1998,7005,May,,21.885999999999999,X
NGA,1998-06-01,1998-06-30,159,'566,Nigeria,LCU,Local currency units per USD,NGN,Naira,1998,1998,7006,June,,21.885999999999999,X
NGA,1998-07-01,1998-07-31,159,'566,Nigeria,LCU,Local currency units per USD,NGN,Naira,1998,1998,7007,July,,21.885999999999999,X
NGA,1998-08-01,1998-08-31,159,'566,Nigeria,LCU,Local currency units per USD,NGN,Naira,1998,1998,7008,August,,21.885999999999999,X
NGA,1998-09-01,1998-09-30,159,'566,Nigeria,LCU,Local currency units per USD,NGN,Naira,1998,1998,7009,September,,21.885999999999999,X
NGA,1998-10-01,1998-10-31,159,'566,Nigeria,LCU,Local currency units per USD,NGN,Naira,1998,1998,7010,October,,21.885999999999999,X
NGA,1998-11-01,1998-11-30,159,'566,Nigeria,LCU,Local currency units per USD,NGN,Naira,1998,1998,7011,November,,21.885999999999999,X
NGA,1998-12-01,1998-12-31,159,'566,Nigeria,LCU,Local currency units per USD,NGN,Naira,1998,1998,7012,December,,21.885999999999999,X
NGA,1999-01-01,1999-12-31,159,'566,Nigeria,LCU,Local currency units per USD,NGN,Naira,1999,1999,7021,Annual value,,92.338099999999997,X
NGA,1999-01-01,1999-01-31,159,'566,Nigeria,LCU,Local currency units per USD,NGN,Naira,1999,1999,7001,January,,85.569999999999993,X
NGA,1999-02-01,1999-02-28,159,'566,Nigeria,LCU,Local currency units per USD,NGN,Naira,1999,1999,7002,February,,85.569999999999993,X
NGA,1999-03-01,1999-03-31,159,'566,Nigeria,LCU,Local currency units per USD,NGN,Naira,1999,1999,7003,March,,86.662300000000002,X
NGA,1999-04-01,1999-04-30,159,'566,Nigeria,LCU,Local currency units per USD,NGN,Naira,1999,1999,7004,April,,90.192899999999995,X
NGA,1999-05-01,1999-05-31,159,'566,Nigeria,LCU,Local currency units per USD,NGN,Naira,1999,1999,7005,May,,94.371700000000004,X
NGA,1999-06-01,1999-06-30,159,'566,Nigeria,LCU,Local currency units per USD,NGN,Naira,1999,1999,7006,June,,94.405600000000007,X
NGA,1999-07-01,1999-07-31,159,'566,Nigeria,LCU,Local currency units per USD,NGN,Naira,1999,1999,7007,July,,94.405600000000007,X
NGA,1999-08-01,1999-08-31,159,'566,Nigeria,LCU,Local currency units per USD,NGN,Naira,1999,1999,7008,August,,94.406000000000006,X
NGA,1999-09-01,1999-09-30,159,'566,Nigeria,LCU,Local currency units per USD,NGN,Naira,1999,1999,7009,September,,94.406000000000006,X
NGA,1999-10-01,1999-10-31,159,'566,Nigeria,LCU,Local currency units per USD,NGN,Naira,1999,1999,7010,October,,94.417500000000004,X
NGA,1999-11-01,1999-11-30,159,'566,Nigeria,LCU,Local currency units per USD,NGN,Naira,1999,1999,7011,November,,96.260499999999993,X
NGA,1999-12-01,1999-12-31,159,'566,Nigeria,LCU,Local currency units per USD,NGN,Naira,1999,1999,7012,December,,97.389099999999999,X
NGA,2000-01-01,2000-12-31,159,'566,Nigeria,LCU,Local currency units per USD,NGN,Naira,2000,2000,7021,Annual value,,101.697333333299980,X
NGA,2000-01-01,2000-01-31,159,'566,Nigeria,LCU,Local currency units per USD,NGN,Naira,2000,2000,7001,January,,98.490499999999997,X
NGA,2000-02-01,2000-02-29,159,'566,Nigeria,LCU,Local currency units per USD,NGN,Naira,2000,2000,7002,February,,99.627399999999994,X
NGA,2000-03-01,2000-03-31,159,'566,Nigeria,LCU,Local currency units per USD,NGN,Naira,2000,2000,7003,March,,100.608099999999980,X
NGA,2000-04-01,2000-04-30,159,'566,Nigeria,LCU,Local currency units per USD,NGN,Naira,2000,2000,7004,April,,99.878000000000000,X
NGA,2000-05-01,2000-05-31,159,'566,Nigeria,LCU,Local currency units per USD,NGN,Naira,2000,2000,7005,May,,100.145000000000000,X
NGA,2000-06-01,2000-06-30,159,'566,Nigeria,LCU,Local currency units per USD,NGN,Naira,2000,2000,7006,June,,101.328999999999980,X
NGA,2000-07-01,2000-07-31,159,'566,Nigeria,LCU,Local currency units per USD,NGN,Naira,2000,2000,7007,July,,104.828999999999980,X
NGA,2000-08-01,2000-08-31,159,'566,Nigeria,LCU,Local currency units per USD,NGN,Naira,2000,2000,7008,August,,102.385000000000020,X
NGA,2000-09-01,2000-09-30,159,'566,Nigeria,LCU,Local currency units per USD,NGN,Naira,2000,2000,7009,September,,101.861999999999980,X
NGA,2000-10-01,2000-10-31,159,'566,Nigeria,LCU,Local currency units per USD,NGN,Naira,2000,2000,7010,October,,102.977000000000000,X
NGA,2000-11-01,2000-11-30,159,'566,Nigeria,LCU,Local currency units per USD,NGN,Naira,2000,2000,7011,November,,102.051000000000000,X
NGA,2000-12-01,2000-12-31,159,'566,Nigeria,LCU,Local currency units per USD,NGN,Naira,2000,2000,7012,December,,106.186000000000020,X
NGA,2001-01-01,2001-12-31,159,'566,Nigeria,LCU,Local currency units per USD,NGN,Naira,2001,2001,7021,Annual value,,111.231250000000000,X
NGA,2001-01-01,2001-01-31,159,'566,Nigeria,LCU,Local currency units per USD,NGN,Naira,2001,2001,7001,January,,110.005000000000000,X
NGA,2001-02-01,2001-02-28,159,'566,Nigeria,LCU,Local currency units per USD,NGN,Naira,2001,2001,7002,February,,110.205000000000000,X
NGA,2001-03-01,2001-03-31,159,'566,Nigeria,LCU,Local currency units per USD,NGN,Naira,2001,2001,7003,March,,110.155000000000000,X
NGA,2001-04-01,2001-04-30,159,'566,Nigeria,LCU,Local currency units per USD,NGN,Naira,2001,2001,7004,April,,113.200000000000000,X
NGA,2001-05-01,2001-05-31,159,'566,Nigeria,LCU,Local currency units per USD,NGN,Naira,2001,2001,7005,May,,113.069999999999980,X
NGA,2001-06-01,2001-06-30,159,'566,Nigeria,LCU,Local currency units per USD,NGN,Naira,2001,2001,7006,June,,111.980000000000000,X
NGA,2001-07-01,2001-07-31,159,'566,Nigeria,LCU,Local currency units per USD,NGN,Naira,2001,2001,7007,July,,111.349999999999980,X
NGA,2001-08-01,2001-08-31,159,'566,Nigeria,LCU,Local currency units per USD,NGN,Naira,2001,2001,7008,August,,111.200000000000000,X
NGA,2001-09-01,2001-09-30,159,'566,Nigeria,LCU,Local currency units per USD,NGN,Naira,2001,2001,7009,September,,110.110000000000000,X
NGA,2001-10-01,2001-10-31,159,'566,Nigeria,LCU,Local currency units per USD,NGN,Naira,2001,2001,7010,October,,110.110000000000000,X
NGA,2001-11-01,2001-11-30,159,'566,Nigeria,LCU,Local currency units per USD,NGN,Naira,2001,2001,7011,November,,111.489999999999980,X
NGA,2001-12-01,2001-12-31,159,'566,Nigeria,LCU,Local currency units per USD,NGN,Naira,2001,2001,7012,December,,111.900000000000020,X
NGA,2002-01-01,2002-12-31,159,'566,Nigeria,LCU,Local currency units per USD,NGN,Naira,2002,2002,7021,Annual value,,120.578158333300000,X
NGA,2002-01-01,2002-01-31,159,'566,Nigeria,LCU,Local currency units per USD,NGN,Naira,2002,2002,7001,January,,113.500000000000000,X
NGA,2002-02-01,2002-02-28,159,'566,Nigeria,LCU,Local currency units per USD,NGN,Naira,2002,2002,7002,February,,114.300000000000000,X
NGA,2002-03-01,2002-03-31,159,'566,Nigeria,LCU,Local currency units per USD,NGN,Naira,2002,2002,7003,March,,115.540000000000020,X
NGA,2002-04-01,2002-04-30,159,'566,Nigeria,LCU,Local currency units per USD,NGN,Naira,2002,2002,7004,April,,115.630000000000000,X
NGA,2002-05-01,2002-05-31,159,'566,Nigeria,LCU,Local currency units per USD,NGN,Naira,2002,2002,7005,May,,116.040000000000020,X
NGA,2002-06-01,2002-06-30,159,'566,Nigeria,LCU,Local currency units per USD,NGN,Naira,2002,2002,7006,June,,118.045000000000000,X
NGA,2002-07-01,2002-07-31,159,'566,Nigeria,LCU,Local currency units per USD,NGN,Naira,2002,2002,7007,July,,124.137000000000000,X
NGA,2002-08-01,2002-08-31,159,'566,Nigeria,LCU,Local currency units per USD,NGN,Naira,2002,2002,7008,August,,125.008600000000000,X
NGA,2002-09-01,2002-09-30,159,'566,Nigeria,LCU,Local currency units per USD,NGN,Naira,2002,2002,7009,September,,125.965300000000000,X
NGA,2002-10-01,2002-10-31,159,'566,Nigeria,LCU,Local currency units per USD,NGN,Naira,2002,2002,7010,October,,126.055000000000020,X
NGA,2002-11-01,2002-11-30,159,'566,Nigeria,LCU,Local currency units per USD,NGN,Naira,2002,2002,7011,November,,126.328999999999980,X
NGA,2002-12-01,2002-12-31,159,'566,Nigeria,LCU,Local currency units per USD,NGN,Naira,2002,2002,7012,December,,126.388000000000020,X
NGA,2003-01-01,2003-12-31,159,'566,Nigeria,LCU,Local currency units per USD,NGN,Naira,2003,2003,7021,Annual value,,129.222350000000010,X
NGA,2003-01-01,2003-01-31,159,'566,Nigeria,LCU,Local currency units per USD,NGN,Naira,2003,2003,7001,January,,126.571800000000000,X
NGA,2003-02-01,2003-02-28,159,'566,Nigeria,LCU,Local currency units per USD,NGN,Naira,2003,2003,7002,February,,126.984399999999980,X
NGA,2003-03-01,2003-03-31,159,'566,Nigeria,LCU,Local currency units per USD,NGN,Naira,2003,2003,7003,March,,130.352000000000000,X
NGA,2003-04-01,2003-04-30,159,'566,Nigeria,LCU,Local currency units per USD,NGN,Naira,2003,2003,7004,April,,126.983000000000000,X
NGA,2003-05-01,2003-05-31,159,'566,Nigeria,LCU,Local currency units per USD,NGN,Naira,2003,2003,7005,May,,127.168000000000020,X
NGA,2003-06-01,2003-06-30,159,'566,Nigeria,LCU,Local currency units per USD,NGN,Naira,2003,2003,7006,June,,127.401000000000000,X
NGA,2003-07-01,2003-07-31,159,'566,Nigeria,LCU,Local currency units per USD,NGN,Naira,2003,2003,7007,July,,127.322999999999980,X
NGA,2003-08-01,2003-08-31,159,'566,Nigeria,LCU,Local currency units per USD,NGN,Naira,2003,2003,7008,August,,127.605000000000000,X
NGA,2003-09-01,2003-09-30,159,'566,Nigeria,LCU,Local currency units per USD,NGN,Naira,2003,2003,7009,September,,128.174000000000010,X
NGA,2003-10-01,2003-10-31,159,'566,Nigeria,LCU,Local currency units per USD,NGN,Naira,2003,2003,7010,October,,129.276000000000010,X
NGA,2003-11-01,2003-11-30,159,'566,Nigeria,LCU,Local currency units per USD,NGN,Naira,2003,2003,7011,November,,136.107000000000000,X
NGA,2003-12-01,2003-12-31,159,'566,Nigeria,LCU,Local currency units per USD,NGN,Naira,2003,2003,7012,December,,136.723000000000010,X
NGA,2004-01-01,2004-12-31,159,'566,Nigeria,LCU,Local currency units per USD,NGN,Naira,2004,2004,7021,Annual value,,132.888025000000000,X
NGA,2004-01-01,2004-01-31,159,'566,Nigeria,LCU,Local currency units per USD,NGN,Naira,2004,2004,7001,January,,135.582300000000000,X
NGA,2004-02-01,2004-02-29,159,'566,Nigeria,LCU,Local currency units per USD,NGN,Naira,2004,2004,7002,February,,134.655000000000000,X
NGA,2004-03-01,2004-03-31,159,'566,Nigeria,LCU,Local currency units per USD,NGN,Naira,2004,2004,7003,March,,133.081999999999990,X
NGA,2004-04-01,2004-04-30,159,'566,Nigeria,LCU,Local currency units per USD,NGN,Naira,2004,2004,7004,April,,132.990000000000010,X
NGA,2004-05-01,2004-05-31,159,'566,Nigeria,LCU,Local currency units per USD,NGN,Naira,2004,2004,7005,May,,132.012000000000000,X
NGA,2004-06-01,2004-06-30,159,'566,Nigeria,LCU,Local currency units per USD,NGN,Naira,2004,2004,7006,June,,132.250000000000000,X
NGA,2004-07-01,2004-07-31,159,'566,Nigeria,LCU,Local currency units per USD,NGN,Naira,2004,2004,7007,July,,132.299000000000010,X
NGA,2004-08-01,2004-08-31,159,'566,Nigeria,LCU,Local currency units per USD,NGN,Naira,2004,2004,7008,August,,132.329000000000010,X
NGA,2004-09-01,2004-09-30,159,'566,Nigeria,LCU,Local currency units per USD,NGN,Naira,2004,2004,7009,September,,132.345000000000000,X
NGA,2004-10-01,2004-10-31,159,'566,Nigeria,LCU,Local currency units per USD,NGN,Naira,2004,2004,7010,October,,132.382000000000010,X
NGA,2004-11-01,2004-11-30,159,'566,Nigeria,LCU,Local currency units per USD,NGN,Naira,2004,2004,7011,November,,132.372000000000010,X
NGA,2004-12-01,2004-12-31,159,'566,Nigeria,LCU,Local currency units per USD,NGN,Naira,2004,2004,7012,December,,132.358000000000000,X
NGA,2005-01-01,2005-12-31,159,'566,Nigeria,LCU,Local currency units per USD,NGN,Naira,2005,2005,7021,Annual value,,131.274333333300010,X
NGA,2005-01-01,2005-01-31,159,'566,Nigeria,LCU,Local currency units per USD,NGN,Naira,2005,2005,7001,January,,132.360000000000010,X
NGA,2005-02-01,2005-02-28,159,'566,Nigeria,LCU,Local currency units per USD,NGN,Naira,2005,2005,7002,February,,132.471000000000000,X
NGA,2005-03-01,2005-03-31,159,'566,Nigeria,LCU,Local currency units per USD,NGN,Naira,2005,2005,7003,March,,132.353000000000010,X
NGA,2005-04-01,2005-04-30,159,'566,Nigeria,LCU,Local currency units per USD,NGN,Naira,2005,2005,7004,April,,132.353000000000010,X
NGA,2005-05-01,2005-05-31,159,'566,Nigeria,LCU,Local currency units per USD,NGN,Naira,2005,2005,7005,May,,132.319999999999990,X
NGA,2005-06-01,2005-06-30,159,'566,Nigeria,LCU,Local currency units per USD,NGN,Naira,2005,2005,7006,June,,132.367999999999990,X
NGA,2005-07-01,2005-07-31,159,'566,Nigeria,LCU,Local currency units per USD,NGN,Naira,2005,2005,7007,July,,132.370000000000000,X
NGA,2005-08-01,2005-08-31,159,'566,Nigeria,LCU,Local currency units per USD,NGN,Naira,2005,2005,7008,August,,131.750000000000000,X
NGA,2005-09-01,2005-09-30,159,'566,Nigeria,LCU,Local currency units per USD,NGN,Naira,2005,2005,7009,September,,129.020000000000010,X
NGA,2005-10-01,2005-10-31,159,'566,Nigeria,LCU,Local currency units per USD,NGN,Naira,2005,2005,7010,October,,129.539999999999990,X
NGA,2005-11-01,2005-11-30,159,'566,Nigeria,LCU,Local currency units per USD,NGN,Naira,2005,2005,7011,November,,129.387000000000000,X
NGA,2005-12-01,2005-12-31,159,'566,Nigeria,LCU,Local currency units per USD,NGN,Naira,2005,2005,7012,December,,129.000000000000000,X
NGA,2006-01-01,2006-12-31,159,'566,Nigeria,LCU,Local currency units per USD,NGN,Naira,2006,2006,7021,Annual value,,128.651666666700010,X
NGA,2006-01-01,2006-01-31,159,'566,Nigeria,LCU,Local currency units per USD,NGN,Naira,2006,2006,7001,January,,130.289999999999990,X
NGA,2006-02-01,2006-02-28,159,'566,Nigeria,LCU,Local currency units per USD,NGN,Naira,2006,2006,7002,February,,129.590000000000000,X
NGA,2006-03-01,2006-03-31,159,'566,Nigeria,LCU,Local currency units per USD,NGN,Naira,2006,2006,7003,March,,128.699999999999990,X
NGA,2006-04-01,2006-04-30,159,'566,Nigeria,LCU,Local currency units per USD,NGN,Naira,2006,2006,7004,April,,128.470000000000000,X
NGA,2006-05-01,2006-05-31,159,'566,Nigeria,LCU,Local currency units per USD,NGN,Naira,2006,2006,7005,May,,128.449999999999990,X
NGA,2006-06-01,2006-06-30,159,'566,Nigeria,LCU,Local currency units per USD,NGN,Naira,2006,2006,7006,June,,128.460000000000010,X
NGA,2006-07-01,2006-07-31,159,'566,Nigeria,LCU,Local currency units per USD,NGN,Naira,2006,2006,7007,July,,128.380000000000000,X
NGA,2006-08-01,2006-08-31,159,'566,Nigeria,LCU,Local currency units per USD,NGN,Naira,2006,2006,7008,August,,128.330000000000010,X
NGA,2006-09-01,2006-09-30,159,'566,Nigeria,LCU,Local currency units per USD,NGN,Naira,2006,2006,7009,September,,128.289999999999990,X
NGA,2006-10-01,2006-10-31,159,'566,Nigeria,LCU,Local currency units per USD,NGN,Naira,2006,2006,7010,October,,128.280000000000000,X
NGA,2006-11-01,2006-11-30,159,'566,Nigeria,LCU,Local currency units per USD,NGN,Naira,2006,2006,7011,November,,128.289999999999990,X
NGA,2006-12-01,2006-12-31,159,'566,Nigeria,LCU,Local currency units per USD,NGN,Naira,2006,2006,7012,December,,128.289999999999990,X
NGA,2007-01-01,2007-12-31,159,'566,Nigeria,LCU,Local currency units per USD,NGN,Naira,2007,2007,7021,Annual value,,125.808108333300000,X
NGA,2007-01-01,2007-01-31,159,'566,Nigeria,LCU,Local currency units per USD,NGN,Naira,2007,2007,7001,January,,128.277199999999990,X
NGA,2007-02-01,2007-02-28,159,'566,Nigeria,LCU,Local currency units per USD,NGN,Naira,2007,2007,7002,February,,128.268700000000000,X
NGA,2007-03-01,2007-03-31,159,'566,Nigeria,LCU,Local currency units per USD,NGN,Naira,2007,2007,7003,March,,128.151299999999990,X
NGA,2007-04-01,2007-04-30,159,'566,Nigeria,LCU,Local currency units per USD,NGN,Naira,2007,2007,7004,April,,127.981399999999980,X
NGA,2007-05-01,2007-05-31,159,'566,Nigeria,LCU,Local currency units per USD,NGN,Naira,2007,2007,7005,May,,127.559600000000000,X
NGA,2007-06-01,2007-06-30,159,'566,Nigeria,LCU,Local currency units per USD,NGN,Naira,2007,2007,7006,June,,127.108999999999980,X
NGA,2007-07-01,2007-07-31,159,'566,Nigeria,LCU,Local currency units per USD,NGN,Naira,2007,2007,7007,July,,127.185900000000000,X
NGA,2007-08-01,2007-08-31,159,'566,Nigeria,LCU,Local currency units per USD,NGN,Naira,2007,2007,7008,August,,126.675299999999980,X
NGA,2007-09-01,2007-09-30,159,'566,Nigeria,LCU,Local currency units per USD,NGN,Naira,2007,2007,7009,September,,125.882600000000000,X
NGA,2007-10-01,2007-10-31,159,'566,Nigeria,LCU,Local currency units per USD,NGN,Naira,2007,2007,7010,October,,124.276000000000000,X
NGA,2007-11-01,2007-11-30,159,'566,Nigeria,LCU,Local currency units per USD,NGN,Naira,2007,2007,7011,November,,120.120600000000000,X
NGA,2007-12-01,2007-12-31,159,'566,Nigeria,LCU,Local currency units per USD,NGN,Naira,2007,2007,7012,December,,118.209700000000000,X
NGA,2008-01-01,2008-12-31,159,'566,Nigeria,LCU,Local currency units per USD,NGN,Naira,2008,2008,7021,Annual value,,118.566666666700000,X
NGA,2008-01-01,2008-01-31,159,'566,Nigeria,LCU,Local currency units per USD,NGN,Naira,2008,2008,7001,January,,117.980000000000000,X
NGA,2008-02-01,2008-02-29,159,'566,Nigeria,LCU,Local currency units per USD,NGN,Naira,2008,2008,7002,February,,118.209999999999980,X
NGA,2008-03-01,2008-03-31,159,'566,Nigeria,LCU,Local currency units per USD,NGN,Naira,2008,2008,7003,March,,117.920000000000000,X
NGA,2008-04-01,2008-04-30,159,'566,Nigeria,LCU,Local currency units per USD,NGN,Naira,2008,2008,7004,April,,117.870000000000000,X
NGA,2008-05-01,2008-05-31,159,'566,Nigeria,LCU,Local currency units per USD,NGN,Naira,2008,2008,7005,May,,117.830000000000000,X
NGA,2008-06-01,2008-06-30,159,'566,Nigeria,LCU,Local currency units per USD,NGN,Naira,2008,2008,7006,June,,117.810000000000000,X
NGA,2008-07-01,2008-07-31,159,'566,Nigeria,LCU,Local currency units per USD,NGN,Naira,2008,2008,7007,July,,117.770000000000000,X
NGA,2008-08-01,2008-08-31,159,'566,Nigeria,LCU,Local currency units per USD,NGN,Naira,2008,2008,7008,August,,117.739999999999980,X
NGA,2008-09-01,2008-09-30,159,'566,Nigeria,LCU,Local currency units per USD,NGN,Naira,2008,2008,7009,September,,117.730000000000000,X
NGA,2008-10-01,2008-10-31,159,'566,Nigeria,LCU,Local currency units per USD,NGN,Naira,2008,2008,7010,October,,117.720000000000000,X
NGA,2008-11-01,2008-11-30,159,'566,Nigeria,LCU,Local currency units per USD,NGN,Naira,2008,2008,7011,November,,117.739999999999980,X
NGA,2008-12-01,2008-12-31,159,'566,Nigeria,LCU,Local currency units per USD,NGN,Naira,2008,2008,7012,December,,126.480000000000000,X
NGA,2009-01-01,2009-12-31,159,'566,Nigeria,LCU,Local currency units per USD,NGN,Naira,2009,2009,7021,Annual value,,148.880000000000000,X
NGA,2009-01-01,2009-01-31,159,'566,Nigeria,LCU,Local currency units per USD,NGN,Naira,2009,2009,7001,January,,145.780000000000000,X
NGA,2009-02-01,2009-02-28,159,'566,Nigeria,LCU,Local currency units per USD,NGN,Naira,2009,2009,7002,February,,147.139999999999990,X
NGA,2009-03-01,2009-03-31,159,'566,Nigeria,LCU,Local currency units per USD,NGN,Naira,2009,2009,7003,March,,147.720000000000000,X
NGA,2009-04-01,2009-04-30,159,'566,Nigeria,LCU,Local currency units per USD,NGN,Naira,2009,2009,7004,April,,147.229999999999990,X
NGA,2009-05-01,2009-05-31,159,'566,Nigeria,LCU,Local currency units per USD,NGN,Naira,2009,2009,7005,May,,147.840000000000000,X
NGA,2009-06-01,2009-06-30,159,'566,Nigeria,LCU,Local currency units per USD,NGN,Naira,2009,2009,7006,June,,148.199999999999990,X
NGA,2009-07-01,2009-07-31,159,'566,Nigeria,LCU,Local currency units per USD,NGN,Naira,2009,2009,7007,July,,148.590000000000000,X
NGA,2009-08-01,2009-08-31,159,'566,Nigeria,LCU,Local currency units per USD,NGN,Naira,2009,2009,7008,August,,151.860000000000010,X
NGA,2009-09-01,2009-09-30,159,'566,Nigeria,LCU,Local currency units per USD,NGN,Naira,2009,2009,7009,September,,152.300000000000010,X
NGA,2009-10-01,2009-10-31,159,'566,Nigeria,LCU,Local currency units per USD,NGN,Naira,2009,2009,7010,October,,149.360000000000010,X
NGA,2009-11-01,2009-11-30,159,'566,Nigeria,LCU,Local currency units per USD,NGN,Naira,2009,2009,7011,November,,150.849999999999990,X
NGA,2009-12-01,2009-12-31,159,'566,Nigeria,LCU,Local currency units per USD,NGN,Naira,2009,2009,7012,December,,149.690000000000000,X
NGA,2010-01-01,2010-12-31,159,'566,Nigeria,LCU,Local currency units per USD,NGN,Naira,2010,2010,7021,Annual value,,150.297500000000010,X
NGA,2010-01-01,2010-01-31,159,'566,Nigeria,LCU,Local currency units per USD,NGN,Naira,2010,2010,7001,January,,149.780000000000000,X
NGA,2010-02-01,2010-02-28,159,'566,Nigeria,LCU,Local currency units per USD,NGN,Naira,2010,2010,7002,February,,150.220000000000000,X
NGA,2010-03-01,2010-03-31,159,'566,Nigeria,LCU,Local currency units per USD,NGN,Naira,2010,2010,7003,March,,149.830000000000010,X
NGA,2010-04-01,2010-04-30,159,'566,Nigeria,LCU,Local currency units per USD,NGN,Naira,2010,2010,7004,April,,149.889999999999990,X
NGA,2010-05-01,2010-05-31,159,'566,Nigeria,LCU,Local currency units per USD,NGN,Naira,2010,2010,7005,May,,150.310000000000000,X
NGA,2010-06-01,2010-06-30,159,'566,Nigeria,LCU,Local currency units per USD,NGN,Naira,2010,2010,7006,June,,150.190000000000000,X
NGA,2010-07-01,2010-07-31,159,'566,Nigeria,LCU,Local currency units per USD,NGN,Naira,2010,2010,7007,July,,150.099999999999990,X
NGA,2010-08-01,2010-08-31,159,'566,Nigeria,LCU,Local currency units per USD,NGN,Naira,2010,2010,7008,August,,150.270000000000010,X
NGA,2010-09-01,2010-09-30,159,'566,Nigeria,LCU,Local currency units per USD,NGN,Naira,2010,2010,7009,September,,151.030000000000000,X
NGA,2010-10-01,2010-10-31,159,'566,Nigeria,LCU,Local currency units per USD,NGN,Naira,2010,2010,7010,October,,151.250000000000000,X
NGA,2010-11-01,2010-11-30,159,'566,Nigeria,LCU,Local currency units per USD,NGN,Naira,2010,2010,7011,November,,150.220000000000000,X
NGA,2010-12-01,2010-12-31,159,'566,Nigeria,LCU,Local currency units per USD,NGN,Naira,2010,2010,7012,December,,150.479999999999990,X
NGA,2011-01-01,2011-12-31,159,'566,Nigeria,LCU,Local currency units per USD,NGN,Naira,2011,2011,7021,Annual value,,153.862500000000010,X
NGA,2011-01-01,2011-01-31,159,'566,Nigeria,LCU,Local currency units per USD,NGN,Naira,2011,2011,7001,January,,151.550000000000010,X
NGA,2011-02-01,2011-02-28,159,'566,Nigeria,LCU,Local currency units per USD,NGN,Naira,2011,2011,7002,February,,151.940000000000000,X
NGA,2011-03-01,2011-03-31,159,'566,Nigeria,LCU,Local currency units per USD,NGN,Naira,2011,2011,7003,March,,152.509999999999990,X
NGA,2011-04-01,2011-04-30,159,'566,Nigeria,LCU,Local currency units per USD,NGN,Naira,2011,2011,7004,April,,153.970000000000000,X
NGA,2011-05-01,2011-05-31,159,'566,Nigeria,LCU,Local currency units per USD,NGN,Naira,2011,2011,7005,May,,154.800000000000010,X
NGA,2011-06-01,2011-06-30,159,'566,Nigeria,LCU,Local currency units per USD,NGN,Naira,2011,2011,7006,June,,154.500000000000000,X
NGA,2011-07-01,2011-07-31,159,'566,Nigeria,LCU,Local currency units per USD,NGN,Naira,2011,2011,7007,July,,151.860000000000010,X
NGA,2011-08-01,2011-08-31,159,'566,Nigeria,LCU,Local currency units per USD,NGN,Naira,2011,2011,7008,August,,152.720000000000000,X
NGA,2011-09-01,2011-09-30,159,'566,Nigeria,LCU,Local currency units per USD,NGN,Naira,2011,2011,7009,September,,155.259999999999990,X
NGA,2011-10-01,2011-10-31,159,'566,Nigeria,LCU,Local currency units per USD,NGN,Naira,2011,2011,7010,October,,153.259999999999990,X
NGA,2011-11-01,2011-11-30,159,'566,Nigeria,LCU,Local currency units per USD,NGN,Naira,2011,2011,7011,November,,155.770000000000010,X
NGA,2011-12-01,2011-12-31,159,'566,Nigeria,LCU,Local currency units per USD,NGN,Naira,2011,2011,7012,December,,158.210000000000010,X
NGA,2012-01-01,2012-12-31,159,'566,Nigeria,LCU,Local currency units per USD,NGN,Naira,2012,2012,7021,Annual value,,157.500000000000000,X
NGA,2012-01-01,2012-01-31,159,'566,Nigeria,LCU,Local currency units per USD,NGN,Naira,2012,2012,7001,January,,158.389999999999990,X
NGA,2012-02-01,2012-02-29,159,'566,Nigeria,LCU,Local currency units per USD,NGN,Naira,2012,2012,7002,February,,157.870000000000000,X
NGA,2012-03-01,2012-03-31,159,'566,Nigeria,LCU,Local currency units per USD,NGN,Naira,2012,2012,7003,March,,157.590000000000000,X
NGA,2012-04-01,2012-04-30,159,'566,Nigeria,LCU,Local currency units per USD,NGN,Naira,2012,2012,7004,April,,157.330000000000010,X
NGA,2012-05-01,2012-05-31,159,'566,Nigeria,LCU,Local currency units per USD,NGN,Naira,2012,2012,7005,May,,157.280000000000000,X
NGA,2012-06-01,2012-06-30,159,'566,Nigeria,LCU,Local currency units per USD,NGN,Naira,2012,2012,7006,June,,157.440000000000000,X
NGA,2012-07-01,2012-07-31,159,'566,Nigeria,LCU,Local currency units per USD,NGN,Naira,2012,2012,7007,July,,157.430000000000010,X
NGA,2012-08-01,2012-08-31,159,'566,Nigeria,LCU,Local currency units per USD,NGN,Naira,2012,2012,7008,August,,157.380000000000000,X
NGA,2012-09-01,2012-09-30,159,'566,Nigeria,LCU,Local currency units per USD,NGN,Naira,2012,2012,7009,September,,157.340000000000000,X
NGA,2012-10-01,2012-10-31,159,'566,Nigeria,LCU,Local currency units per USD,NGN,Naira,2012,2012,7010,October,,157.319999999999990,X
NGA,2012-11-01,2012-11-30,159,'566,Nigeria,LCU,Local currency units per USD,NGN,Naira,2012,2012,7011,November,,157.310000000000000,X
NGA,2012-12-01,2012-12-31,159,'566,Nigeria,LCU,Local currency units per USD,NGN,Naira,2012,2012,7012,December,,157.319999999999990,X
NGA,2013-01-01,2013-12-31,159,'566,Nigeria,LCU,Local currency units per USD,NGN,Naira,2013,2013,7021,Annual value,,157.311666666667010,X
NGA,2013-01-01,2013-01-31,159,'566,Nigeria,LCU,Local currency units per USD,NGN,Naira,2013,2013,7001,January,,157.300000000000010,X
NGA,2013-02-01,2013-02-28,159,'566,Nigeria,LCU,Local currency units per USD,NGN,Naira,2013,2013,7002,February,,157.300000000000010,X
NGA,2013-03-01,2013-03-31,159,'566,Nigeria,LCU,Local currency units per USD,NGN,Naira,2013,2013,7003,March,,157.310000000000000,X
NGA,2013-04-01,2013-04-30,159,'566,Nigeria,LCU,Local currency units per USD,NGN,Naira,2013,2013,7004,April,,157.310000000000000,X
NGA,2013-05-01,2013-05-31,159,'566,Nigeria,LCU,Local currency units per USD,NGN,Naira,2013,2013,7005,May,,157.300000000000010,X
NGA,2013-06-01,2013-06-30,159,'566,Nigeria,LCU,Local currency units per USD,NGN,Naira,2013,2013,7006,June,,157.310000000000000,X
NGA,2013-07-01,2013-07-31,159,'566,Nigeria,LCU,Local currency units per USD,NGN,Naira,2013,2013,7007,July,,157.319999999999990,X
NGA,2013-08-01,2013-08-31,159,'566,Nigeria,LCU,Local currency units per USD,NGN,Naira,2013,2013,7008,August,,157.310000000000000,X
NGA,2013-09-01,2013-09-30,159,'566,Nigeria,LCU,Local currency units per USD,NGN,Naira,2013,2013,7009,September,,157.319999999999990,X
NGA,2013-10-01,2013-10-31,159,'566,Nigeria,LCU,Local currency units per USD,NGN,Naira,2013,2013,7010,October,,157.419999999999990,X
NGA,2013-11-01,2013-11-30,159,'566,Nigeria,LCU,Local currency units per USD,NGN,Naira,2013,2013,7011,November,,157.270000000000010,X
NGA,2013-12-01,2013-12-31,159,'566,Nigeria,LCU,Local currency units per USD,NGN,Naira,2013,2013,7012,December,,157.270000000000010,X
NGA,2014-01-01,2014-12-31,159,'566,Nigeria,LCU,Local currency units per USD,NGN,Naira,2014,2014,7021,Annual value,,158.552641666667000,X
NGA,2014-01-01,2014-01-31,159,'566,Nigeria,LCU,Local currency units per USD,NGN,Naira,2014,2014,7001,January,,157.291599999999990,X
NGA,2014-02-01,2014-02-28,159,'566,Nigeria,LCU,Local currency units per USD,NGN,Naira,2014,2014,7002,February,,157.307500000000000,X
NGA,2014-03-01,2014-03-31,159,'566,Nigeria,LCU,Local currency units per USD,NGN,Naira,2014,2014,7003,March,,157.300800000000010,X
NGA,2014-04-01,2014-04-30,159,'566,Nigeria,LCU,Local currency units per USD,NGN,Naira,2014,2014,7004,April,,157.291799999999990,X
NGA,2014-05-01,2014-05-31,159,'566,Nigeria,LCU,Local currency units per USD,NGN,Naira,2014,2014,7005,May,,157.287299999999990,X
NGA,2014-06-01,2014-06-30,159,'566,Nigeria,LCU,Local currency units per USD,NGN,Naira,2014,2014,7006,June,,157.287299999999990,X
NGA,2014-07-01,2014-07-31,159,'566,Nigeria,LCU,Local currency units per USD,NGN,Naira,2014,2014,7007,July,,157.287299999999990,X
NGA,2014-08-01,2014-08-31,159,'566,Nigeria,LCU,Local currency units per USD,NGN,Naira,2014,2014,7008,August,,157.287299999999990,X
NGA,2014-09-01,2014-09-30,159,'566,Nigeria,LCU,Local currency units per USD,NGN,Naira,2014,2014,7009,September,,157.300600000000000,X
NGA,2014-10-01,2014-10-31,159,'566,Nigeria,LCU,Local currency units per USD,NGN,Naira,2014,2014,7010,October,,157.314100000000000,X
NGA,2014-11-01,2014-11-30,159,'566,Nigeria,LCU,Local currency units per USD,NGN,Naira,2014,2014,7011,November,,159.996100000000010,X
NGA,2014-12-01,2014-12-31,159,'566,Nigeria,LCU,Local currency units per USD,NGN,Naira,2014,2014,7012,December,,169.680000000000010,X
NGA,2015-01-01,2015-12-31,159,'566,Nigeria,LCU,Local currency units per USD,NGN,Naira,2015,2015,7021,Annual value,,192.440333333333000,X
NGA,2015-01-01,2015-01-31,159,'566,Nigeria,LCU,Local currency units per USD,NGN,Naira,2015,2015,7001,January,,169.680000000000010,X
NGA,2015-02-01,2015-02-28,159,'566,Nigeria,LCU,Local currency units per USD,NGN,Naira,2015,2015,7002,February,,169.680000000000010,X
NGA,2015-03-01,2015-03-31,159,'566,Nigeria,LCU,Local currency units per USD,NGN,Naira,2015,2015,7003,March,,197.072700000000000,X
NGA,2015-04-01,2015-04-30,159,'566,Nigeria,LCU,Local currency units per USD,NGN,Naira,2015,2015,7004,April,,197.000000000000000,X
NGA,2015-05-01,2015-05-31,159,'566,Nigeria,LCU,Local currency units per USD,NGN,Naira,2015,2015,7005,May,,197.000000000000000,X
NGA,2015-06-01,2015-06-30,159,'566,Nigeria,LCU,Local currency units per USD,NGN,Naira,2015,2015,7006,June,,196.915899999999990,X
NGA,2015-07-01,2015-07-31,159,'566,Nigeria,LCU,Local currency units per USD,NGN,Naira,2015,2015,7007,July,,196.971399999999990,X
NGA,2015-08-01,2015-08-31,159,'566,Nigeria,LCU,Local currency units per USD,NGN,Naira,2015,2015,7008,August,,197.000000000000000,X
NGA,2015-09-01,2015-09-30,159,'566,Nigeria,LCU,Local currency units per USD,NGN,Naira,2015,2015,7009,September,,196.997500000000000,X
NGA,2015-10-01,2015-10-31,159,'566,Nigeria,LCU,Local currency units per USD,NGN,Naira,2015,2015,7010,October,,196.988599999999990,X
NGA,2015-11-01,2015-11-30,159,'566,Nigeria,LCU,Local currency units per USD,NGN,Naira,2015,2015,7011,November,,196.991400000000000,X
NGA,2015-12-01,2015-12-31,159,'566,Nigeria,LCU,Local currency units per USD,NGN,Naira,2015,2015,7012,December,,196.986500000000010,X
NGA,2016-01-01,2016-12-31,159,'566,Nigeria,LCU,Local currency units per USD,NGN,Naira,2016,2016,7021,Annual value,,253.491999999999990,X
NGA,2016-01-01,2016-01-31,159,'566,Nigeria,LCU,Local currency units per USD,NGN,Naira,2016,2016,7001,January,,197.000000000000000,X
NGA,2016-02-01,2016-02-29,159,'566,Nigeria,LCU,Local currency units per USD,NGN,Naira,2016,2016,7002,February,,197.000000000000000,X
NGA,2016-03-01,2016-03-31,159,'566,Nigeria,LCU,Local currency units per USD,NGN,Naira,2016,2016,7003,March,,197.000000000000000,X
NGA,2016-04-01,2016-04-30,159,'566,Nigeria,LCU,Local currency units per USD,NGN,Naira,2016,2016,7004,April,,197.000000000000000,X
NGA,2016-05-01,2016-05-31,159,'566,Nigeria,LCU,Local currency units per USD,NGN,Naira,2016,2016,7005,May,,197.000000000000000,X
NGA,2016-06-01,2016-06-30,159,'566,Nigeria,LCU,Local currency units per USD,NGN,Naira,2016,2016,7006,June,,231.761400000000010,X
NGA,2016-07-01,2016-07-31,159,'566,Nigeria,LCU,Local currency units per USD,NGN,Naira,2016,2016,7007,July,,294.572200000000010,X
NGA,2016-08-01,2016-08-31,159,'566,Nigeria,LCU,Local currency units per USD,NGN,Naira,2016,2016,7008,August,,309.730399999999970,X
NGA,2016-09-01,2016-09-30,159,'566,Nigeria,LCU,Local currency units per USD,NGN,Naira,2016,2016,7009,September,,305.230000000000020,X
NGA,2016-10-01,2016-10-31,159,'566,Nigeria,LCU,Local currency units per USD,NGN,Naira,2016,2016,7010,October,,305.209999999999980,X
NGA,2016-11-01,2016-11-30,159,'566,Nigeria,LCU,Local currency units per USD,NGN,Naira,2016,2016,7011,November,,305.180000000000010,X
NGA,2016-12-01,2016-12-31,159,'566,Nigeria,LCU,Local currency units per USD,NGN,Naira,2016,2016,7012,December,,305.220000000000030,X
NGA,2017-01-01,2017-12-31,159,'566,Nigeria,LCU,Local currency units per USD,NGN,Naira,2017,2017,7021,Annual value,,305.790109160004990,X
NGA,2017-01-01,2017-01-31,159,'566,Nigeria,LCU,Local currency units per USD,NGN,Naira,2017,2017,7001,January,,305.202381000000000,X
NGA,2017-02-01,2017-02-28,159,'566,Nigeria,LCU,Local currency units per USD,NGN,Naira,2017,2017,7002,February,,305.312500000000000,X
NGA,2017-03-01,2017-03-31,159,'566,Nigeria,LCU,Local currency units per USD,NGN,Naira,2017,2017,7003,March,,306.402173899999980,X
NGA,2017-04-01,2017-04-30,159,'566,Nigeria,LCU,Local currency units per USD,NGN,Naira,2017,2017,7004,April,,306.052777800000000,X
NGA,2017-05-01,2017-05-31,159,'566,Nigeria,LCU,Local currency units per USD,NGN,Naira,2017,2017,7005,May,,305.538095199999990,X
NGA,2017-06-01,2017-06-30,159,'566,Nigeria,LCU,Local currency units per USD,NGN,Naira,2017,2017,7006,June,,305.714999999999970,X
NGA,2017-07-01,2017-07-31,159,'566,Nigeria,LCU,Local currency units per USD,NGN,Naira,2017,2017,7007,July,,305.861904799999990,X
NGA,2017-08-01,2017-08-31,159,'566,Nigeria,LCU,Local currency units per USD,NGN,Naira,2017,2017,7008,August,,305.667391300000020,X
NGA,2017-09-01,2017-09-30,159,'566,Nigeria,LCU,Local currency units per USD,NGN,Naira,2017,2017,7009,September,,305.886842100000020,X
NGA,2017-10-01,2017-10-31,159,'566,Nigeria,LCU,Local currency units per USD,NGN,Naira,2017,2017,7010,October,,305.623809499999990,X
NGA,2017-11-01,2017-11-30,159,'566,Nigeria,LCU,Local currency units per USD,NGN,Naira,2017,2017,7011,November,,305.904545499999980,X
NGA,2017-12-01,2017-12-31,159,'566,Nigeria,LCU,Local currency units per USD,NGN,Naira,2017,2017,7012,December,,306.313888899999990,X
NGA,2018-01-01,2018-12-31,159,'566,Nigeria,LCU,Local currency units per USD,NGN,Naira,2018,2018,7021,Annual value,,306.083688245233990,X
NGA,2018-01-01,2018-01-31,159,'566,Nigeria,LCU,Local currency units per USD,NGN,Naira,2018,2018,7001,January,,305.777272700000030,X
NGA,2018-02-01,2018-02-28,159,'566,Nigeria,LCU,Local currency units per USD,NGN,Naira,2018,2018,7002,February,,305.894999999999980,X
NGA,2018-03-01,2018-03-31,159,'566,Nigeria,LCU,Local currency units per USD,NGN,Naira,2018,2018,7003,March,,305.742857099999980,X
NGA,2018-04-01,2018-04-30,159,'566,Nigeria,LCU,Local currency units per USD,NGN,Naira,2018,2018,7004,April,,305.610000000000010,X
NGA,2018-05-01,2018-05-31,159,'566,Nigeria,LCU,Local currency units per USD,NGN,Naira,2018,2018,7005,May,,305.826190500000000,X
NGA,2018-06-01,2018-06-30,159,'566,Nigeria,LCU,Local currency units per USD,NGN,Naira,2018,2018,7006,June,,305.871052599999980,X
NGA,2018-07-01,2018-07-31,159,'566,Nigeria,LCU,Local currency units per USD,NGN,Naira,2018,2018,7007,July,,305.814285700000030,X
NGA,2018-08-01,2018-08-31,159,'566,Nigeria,LCU,Local currency units per USD,NGN,Naira,2018,2018,7008,August,,306.057142899999970,X
NGA,2018-09-01,2018-09-30,159,'566,Nigeria,LCU,Local currency units per USD,NGN,Naira,2018,2018,7009,September,,306.272499999999980,X
NGA,2018-10-01,2018-10-31,159,'566,Nigeria,LCU,Local currency units per USD,NGN,Naira,2018,2018,7010,October,,306.505000000000000,X
NGA,2018-11-01,2018-11-30,159,'566,Nigeria,LCU,Local currency units per USD,NGN,Naira,2018,2018,7011,November,,306.711904800000010,X
NGA,2018-12-01,2018-12-31,159,'566,Nigeria,LCU,Local currency units per USD,NGN,Naira,2018,2018,7012,December,,306.921052600000000,X
NGA,2019-01-01,2019-12-31,159,'566,Nigeria,LCU,Local currency units per USD,NGN,Naira,2019,2019,7021,Annual value,,306.920951495222990,X
NGA,2019-01-01,2019-01-31,159,'566,Nigeria,LCU,Local currency units per USD,NGN,Naira,2019,2019,7001,January,,306.845454500000020,X
NGA,2019-02-01,2019-02-28,159,'566,Nigeria,LCU,Local currency units per USD,NGN,Naira,2019,2019,7002,February,,306.768181799999980,X
NGA,2019-03-01,2019-03-31,159,'566,Nigeria,LCU,Local currency units per USD,NGN,Naira,2019,2019,7003,March,,306.923809500000000,X
NGA,2019-04-01,2019-04-30,159,'566,Nigeria,LCU,Local currency units per USD,NGN,Naira,2019,2019,7004,April,,306.962499999999980,X
NGA,2019-05-01,2019-05-31,159,'566,Nigeria,LCU,Local currency units per USD,NGN,Naira,2019,2019,7005,May,,306.949999999999990,X
NGA,2019-06-01,2019-06-30,159,'566,Nigeria,LCU,Local currency units per USD,NGN,Naira,2019,2019,7006,June,,306.947058799999980,X
NGA,2019-07-01,2019-07-31,159,'566,Nigeria,LCU,Local currency units per USD,NGN,Naira,2019,2019,7007,July,,306.936956500000010,X
NGA,2019-08-01,2019-08-31,159,'566,Nigeria,LCU,Local currency units per USD,NGN,Naira,2019,2019,7008,August,,306.932500000000000,X
NGA,2019-09-01,2019-09-30,159,'566,Nigeria,LCU,Local currency units per USD,NGN,Naira,2019,2019,7009,September,,306.919047600000000,X
NGA,2019-10-01,2019-10-31,159,'566,Nigeria,LCU,Local currency units per USD,NGN,Naira,2019,2019,7010,October,,306.963636399999980,X
NGA,2019-11-01,2019-11-30,159,'566,Nigeria,LCU,Local currency units per USD,NGN,Naira,2019,2019,7011,November,,306.952272699999980,X
NGA,2019-12-01,2019-12-31,159,'566,Nigeria,LCU,Local currency units per USD,NGN,Naira,2019,2019,7012,December,,306.949999999999990,X
NGA,2020-01-01,2020-12-31,159,'566,Nigeria,LCU,Local currency units per USD,NGN,Naira,2020,2020,7021,Annual value,,358.810797258296990,X
NGA,2020-01-01,2020-01-31,159,'566,Nigeria,LCU,Local currency units per USD,NGN,Naira,2020,2020,7001,January,,306.959090899999980,X
NGA,2020-02-01,2020-02-29,159,'566,Nigeria,LCU,Local currency units per USD,NGN,Naira,2020,2020,7002,February,,306.954999999999980,X
NGA,2020-03-01,2020-03-31,159,'566,Nigeria,LCU,Local currency units per USD,NGN,Naira,2020,2020,7003,March,,326.625000000000000,X
NGA,2020-04-01,2020-04-30,159,'566,Nigeria,LCU,Local currency units per USD,NGN,Naira,2020,2020,7004,April,,361.000000000000000,X
NGA,2020-05-01,2020-05-31,159,'566,Nigeria,LCU,Local currency units per USD,NGN,Naira,2020,2020,7005,May,,361.000000000000000,X
NGA,2020-06-01,2020-06-30,159,'566,Nigeria,LCU,Local currency units per USD,NGN,Naira,2020,2020,7006,June,,361.000000000000000,X
NGA,2020-07-01,2020-07-31,159,'566,Nigeria,LCU,Local currency units per USD,NGN,Naira,2020,2020,7007,July,,377.190476199999980,X
NGA,2020-08-01,2020-08-31,159,'566,Nigeria,LCU,Local currency units per USD,NGN,Naira,2020,2020,7008,August,,381.000000000000000,X
NGA,2020-09-01,2020-09-30,159,'566,Nigeria,LCU,Local currency units per USD,NGN,Naira,2020,2020,7009,September,,381.000000000000000,X
NGA,2020-10-01,2020-10-31,159,'566,Nigeria,LCU,Local currency units per USD,NGN,Naira,2020,2020,7010,October,,381.000000000000000,X
NGA,2020-11-01,2020-11-30,159,'566,Nigeria,LCU,Local currency units per USD,NGN,Naira,2020,2020,7011,November,,381.000000000000000,X
NGA,2020-12-01,2020-12-31,159,'566,Nigeria,LCU,Local currency units per USD,NGN,Naira,2020,2020,7012,December,,381.000000000000000,X
NGA,2021-01-01,2021-12-31,159,'566,Nigeria,LCU,Local currency units per USD,NGN,Naira,2021,2021,7021,Annual value,,401.152029220779010,X
NGA,2021-01-01,2021-01-31,159,'566,Nigeria,LCU,Local currency units per USD,NGN,Naira,2021,2021,7001,January,,381.000000000000000,X
NGA,2021-02-01,2021-02-28,159,'566,Nigeria,LCU,Local currency units per USD,NGN,Naira,2021,2021,7002,February,,381.000000000000000,X
NGA,2021-03-01,2021-03-31,159,'566,Nigeria,LCU,Local currency units per USD,NGN,Naira,2021,2021,7003,March,,381.000000000000000,X
NGA,2021-04-01,2021-04-30,159,'566,Nigeria,LCU,Local currency units per USD,NGN,Naira,2021,2021,7004,April,,381.000000000000000,X
NGA,2021-05-01,2021-05-31,159,'566,Nigeria,LCU,Local currency units per USD,NGN,Naira,2021,2021,7005,May,,410.000000000000000,X
NGA,2021-06-01,2021-06-30,159,'566,Nigeria,LCU,Local currency units per USD,NGN,Naira,2021,2021,7006,June,,410.149999999999980,X
NGA,2021-07-01,2021-07-31,159,'566,Nigeria,LCU,Local currency units per USD,NGN,Naira,2021,2021,7007,July,,410.100000000000020,X
NGA,2021-08-01,2021-08-31,159,'566,Nigeria,LCU,Local currency units per USD,NGN,Naira,2021,2021,7008,August,,411.000000000000000,X
NGA,2021-09-01,2021-09-30,159,'566,Nigeria,LCU,Local currency units per USD,NGN,Naira,2021,2021,7009,September,,411.000000000000000,X
NGA,2021-10-01,2021-10-31,159,'566,Nigeria,LCU,Local currency units per USD,NGN,Naira,2021,2021,7010,October,,411.500000000000000,X
NGA,2021-11-01,2021-11-30,159,'566,Nigeria,LCU,Local currency units per USD,NGN,Naira,2021,2021,7011,November,,411.738636363635010,X
NGA,2021-12-01,2021-12-31,159,'566,Nigeria,LCU,Local currency units per USD,NGN,Naira,2021,2021,7012,December,,414.335714285714000,X
NGA,2022-01-01,2022-12-31,159,'566,Nigeria,LCU,Local currency units per USD,NGN,Naira,2022,2022,7021,Annual value,,425.979158066857000,X
NGA,2022-01-01,2022-01-31,159,'566,Nigeria,LCU,Local currency units per USD,NGN,Naira,2022,2022,7001,January,,415.959999999999980,X
NGA,2022-02-01,2022-02-28,159,'566,Nigeria,LCU,Local currency units per USD,NGN,Naira,2022,2022,7002,February,,416.949999999999990,X
NGA,2022-03-01,2022-03-31,159,'566,Nigeria,LCU,Local currency units per USD,NGN,Naira,2022,2022,7003,March,,415.721739130435030,X
NGA,2022-04-01,2022-04-30,159,'566,Nigeria,LCU,Local currency units per USD,NGN,Naira,2022,2022,7004,April,,415.526315789473020,X
NGA,2022-05-01,2022-05-31,159,'566,Nigeria,LCU,Local currency units per USD,NGN,Naira,2022,2022,7005,May,,415.949999999999990,X
NGA,2022-06-01,2022-06-30,159,'566,Nigeria,LCU,Local currency units per USD,NGN,Naira,2022,2022,7006,June,,415.614285714285020,X
NGA,2022-07-01,2022-07-31,159,'566,Nigeria,LCU,Local currency units per USD,NGN,Naira,2022,2022,7007,July,,417.260526315790000,X
NGA,2022-08-01,2022-08-31,159,'566,Nigeria,LCU,Local currency units per USD,NGN,Naira,2022,2022,7008,August,,426.060869565216020,X
NGA,2022-09-01,2022-09-30,159,'566,Nigeria,LCU,Local currency units per USD,NGN,Naira,2022,2022,7009,September,,435.570454545454030,X
NGA,2022-10-01,2022-10-31,159,'566,Nigeria,LCU,Local currency units per USD,NGN,Naira,2022,2022,7010,October,,440.846842105263020,X
NGA,2022-11-01,2022-11-30,159,'566,Nigeria,LCU,Local currency units per USD,NGN,Naira,2022,2022,7011,November,,445.581363636364020,X
NGA,2022-12-01,2022-12-31,159,'566,Nigeria,LCU,Local currency units per USD,NGN,Naira,2022,2022,7012,December,,450.707499999999020,X
NGA,2023-01-01,2023-01-31,159,'566,Nigeria,LCU,Local currency units per USD,NGN,Naira,2023,2023,7001,January,,460.992857142857020,X
NGA,2023-02-01,2023-02-28,159,'566,Nigeria,LCU,Local currency units per USD,NGN,Naira,2023,2023,7002,February,,460.834999999999010,X
NGA,2023-03-01,2023-03-31,159,'566,Nigeria,LCU,Local currency units per USD,NGN,Naira,2023,2023,7003,March,,460.973478260870020,X
NGA,2023-04-01,2023-04-30,159,'566,Nigeria,LCU,Local currency units per USD,NGN,Naira,2023,2023,7004,April,,460.956250000000010,X
NGA,2023-05-01,2023-05-31,159,'566,Nigeria,LCU,Local currency units per USD,NGN,Naira,2023,2023,7005,May,,462.009999999999990,X
NGA,2023-06-01,2023-06-30,159,'566,Nigeria,LCU,Local currency units per USD,NGN,Naira,2023,2023,7006,June,,610.710000000000040,X
NGA,2023-07-01,2023-07-31,159,'566,Nigeria,LCU,Local currency units per USD,NGN,Naira,2023,2023,7007,July,,770.316571428571020,X
NGA,2023-08-01,2023-08-31,159,'566,Nigeria,LCU,Local currency units per USD,NGN,Naira,2023,2023,7008,August,,762.120086956521050,X
NGA,2023-09-01,2023-09-30,159,'566,Nigeria,LCU,Local currency units per USD,NGN,Naira,2023,2023,7009,September,,762.018550000000000,X
NGA,1970-01-01,1970-12-31,159,'566,Nigeria,LCU,Local currency units per USD,NGP,NGP,1970,1970,7021,Annual value,,0.357142999800000,X
NGA,1971-01-01,1971-12-31,159,'566,Nigeria,LCU,Local currency units per USD,NGP,NGP,1971,1971,7021,Annual value,,0.356427916500000,X
NGA,1972-01-01,1972-12-31,159,'566,Nigeria,LCU,Local currency units per USD,NGP,NGP,1972,1972,7021,Annual value,,0.328947499500000,X
NGA,1970-01-01,1970-12-31,159,'566,Nigeria,LCU,Local currency units per USD,GBP,Pound Sterling,1970,1970,7021,Annual value,,0.416666999416667,X
NGA,1971-01-01,1971-12-31,159,'566,Nigeria,LCU,Local currency units per USD,GBP,Pound Sterling,1971,1971,7021,Annual value,,0.410920237429425,X
NGA,1972-01-01,1972-12-31,159,'566,Nigeria,LCU,Local currency units per USD,GBP,Pound Sterling,1972,1972,7021,Annual value,,0.400390461530008,X
NGA,1970-01-01,1970-12-31,159,'566,Nigeria,SLC,Standard local currency units per USD,NGN,Naira,1970,1970,7021,Annual value,,0.714285999714286,X
NGA,1971-01-01,1971-12-31,159,'566,Nigeria,SLC,Standard local currency units per USD,NGN,Naira,1971,1971,7021,Annual value,,0.712855832988096,X
NGA,1972-01-01,1972-12-31,159,'566,Nigeria,SLC,Standard local currency units per USD,NGN,Naira,1972,1972,7021,Annual value,,0.657894999000000,X
NGA,1973-01-01,1973-12-31,159,'566,Nigeria,SLC,Standard local currency units per USD,NGN,Naira,1973,1973,7021,Annual value,,0.657894999000000,X
NGA,1974-01-01,1974-12-31,159,'566,Nigeria,SLC,Standard local currency units per USD,NGN,Naira,1974,1974,7021,Annual value,,0.630282046248239,X
NGA,1975-01-01,1975-12-31,159,'566,Nigeria,SLC,Standard local currency units per USD,NGN,Naira,1975,1975,7021,Annual value,,0.615501553350787,X
NGA,1976-01-01,1976-12-31,159,'566,Nigeria,SLC,Standard local currency units per USD,NGN,Naira,1976,1976,7021,Annual value,,0.626601003665369,X
NGA,1977-01-01,1977-12-31,159,'566,Nigeria,SLC,Standard local currency units per USD,NGN,Naira,1977,1977,7021,Annual value,,0.644701062141185,X
NGA,1978-01-01,1978-12-31,159,'566,Nigeria,SLC,Standard local currency units per USD,NGN,Naira,1978,1978,7021,Annual value,,0.635271994265801,X
NGA,1979-01-01,1979-12-31,159,'566,Nigeria,SLC,Standard local currency units per USD,NGN,Naira,1979,1979,7021,Annual value,,0.604007374017144,X
NGA,1980-01-01,1980-12-31,159,'566,Nigeria,SLC,Standard local currency units per USD,NGN,Naira,1980,1980,7021,Annual value,,0.546780891916083,X
NGA,1981-01-01,1981-12-31,159,'566,Nigeria,SLC,Standard local currency units per USD,NGN,Naira,1981,1981,7021,Annual value,,0.617708175028805,X
NGA,1982-01-01,1982-12-31,159,'566,Nigeria,SLC,Standard local currency units per USD,NGN,Naira,1982,1982,7021,Annual value,,0.673461261528524,X
NGA,1983-01-01,1983-12-31,159,'566,Nigeria,SLC,Standard local currency units per USD,NGN,Naira,1983,1983,7021,Annual value,,0.724409851151573,X
NGA,1984-01-01,1984-12-31,159,'566,Nigeria,SLC,Standard local currency units per USD,NGN,Naira,1984,1984,7021,Annual value,,0.766527449112392,X
NGA,1985-01-01,1985-12-31,159,'566,Nigeria,SLC,Standard local currency units per USD,NGN,Naira,1985,1985,7021,Annual value,,0.893774083333333,X
NGA,1986-01-01,1986-12-31,159,'566,Nigeria,SLC,Standard local currency units per USD,NGN,Naira,1986,1986,7021,Annual value,,1.754523004074810,X
NGA,1987-01-01,1987-12-31,159,'566,Nigeria,SLC,Standard local currency units per USD,NGN,Naira,1987,1987,7021,Annual value,,4.016037344336300,X
NGA,1988-01-01,1988-12-31,159,'566,Nigeria,SLC,Standard local currency units per USD,NGN,Naira,1988,1988,7021,Annual value,,4.536966666666670,X
NGA,1989-01-01,1989-12-31,159,'566,Nigeria,SLC,Standard local currency units per USD,NGN,Naira,1989,1989,7021,Annual value,,7.364735000000000,X
NGA,1990-01-01,1990-12-31,159,'566,Nigeria,SLC,Standard local currency units per USD,NGN,Naira,1990,1990,7021,Annual value,,8.038285000000000,X
NGA,1991-01-01,1991-12-31,159,'566,Nigeria,SLC,Standard local currency units per USD,NGN,Naira,1991,1991,7021,Annual value,,9.909491666666668,X
NGA,1992-01-01,1992-12-31,159,'566,Nigeria,SLC,Standard local currency units per USD,NGN,Naira,1992,1992,7021,Annual value,,17.298425000000002,X
NGA,1993-01-01,1993-12-31,159,'566,Nigeria,SLC,Standard local currency units per USD,NGN,Naira,1993,1993,7021,Annual value,,22.065400000000000,X
NGA,1994-01-01,1994-12-31,159,'566,Nigeria,SLC,Standard local currency units per USD,NGN,Naira,1994,1994,7021,Annual value,,35.731462957731701,X
NGA,1995-01-01,1995-12-31,159,'566,Nigeria,SLC,Standard local currency units per USD,NGN,Naira,1995,1995,7021,Annual value,,61.386365587550493,X
NGA,1996-01-01,1996-12-31,159,'566,Nigeria,SLC,Standard local currency units per USD,NGN,Naira,1996,1996,7021,Annual value,,76.252130841412097,X
NGA,1997-01-01,1997-12-31,159,'566,Nigeria,SLC,Standard local currency units per USD,NGN,Naira,1997,1997,7021,Annual value,,78.748990530334694,X
NGA,1998-01-01,1998-12-31,159,'566,Nigeria,SLC,Standard local currency units per USD,NGN,Naira,1998,1998,7021,Annual value,,82.552124179837904,X
NGA,1999-01-01,1999-12-31,159,'566,Nigeria,SLC,Standard local currency units per USD,NGN,Naira,1999,1999,7021,Annual value,,92.338099999999997,X
NGA,2000-01-01,2000-12-31,159,'566,Nigeria,SLC,Standard local currency units per USD,NGN,Naira,2000,2000,7021,Annual value,,101.697333333333010,X
NGA,2001-01-01,2001-12-31,159,'566,Nigeria,SLC,Standard local currency units per USD,NGN,Naira,2001,2001,7021,Annual value,,111.231250000000000,X
NGA,2002-01-01,2002-12-31,159,'566,Nigeria,SLC,Standard local currency units per USD,NGN,Naira,2002,2002,7021,Annual value,,120.578158333332990,X
NGA,2003-01-01,2003-12-31,159,'566,Nigeria,SLC,Standard local currency units per USD,NGN,Naira,2003,2003,7021,Annual value,,129.222350000000010,X
NGA,2004-01-01,2004-12-31,159,'566,Nigeria,SLC,Standard local currency units per USD,NGN,Naira,2004,2004,7021,Annual value,,132.888025000000000,X
NGA,2005-01-01,2005-12-31,159,'566,Nigeria,SLC,Standard local currency units per USD,NGN,Naira,2005,2005,7021,Annual value,,131.274333333333000,X
NGA,2006-01-01,2006-12-31,159,'566,Nigeria,SLC,Standard local currency units per USD,NGN,Naira,2006,2006,7021,Annual value,,128.651666666667010,X
NGA,2007-01-01,2007-12-31,159,'566,Nigeria,SLC,Standard local currency units per USD,NGN,Naira,2007,2007,7021,Annual value,,125.808108333333000,X
NGA,2008-01-01,2008-12-31,159,'566,Nigeria,SLC,Standard local currency units per USD,NGN,Naira,2008,2008,7021,Annual value,,118.546016666667010,X
NGA,2009-01-01,2009-12-31,159,'566,Nigeria,SLC,Standard local currency units per USD,NGN,Naira,2009,2009,7021,Annual value,,148.901741666666960,X
NGA,2010-01-01,2010-12-31,159,'566,Nigeria,SLC,Standard local currency units per USD,NGN,Naira,2010,2010,7021,Annual value,,150.298025000000000,X
NGA,2011-01-01,2011-12-31,159,'566,Nigeria,SLC,Standard local currency units per USD,NGN,Naira,2011,2011,7021,Annual value,,153.861608333333040,X
NGA,2012-01-01,2012-12-31,159,'566,Nigeria,SLC,Standard local currency units per USD,NGN,Naira,2012,2012,7021,Annual value,,157.499425757576010,X
NGA,2013-01-01,2013-12-31,159,'566,Nigeria,SLC,Standard local currency units per USD,NGN,Naira,2013,2013,7021,Annual value,,157.311225000000010,X
NGA,2014-01-01,2014-12-31,159,'566,Nigeria,SLC,Standard local currency units per USD,NGN,Naira,2014,2014,7021,Annual value,,158.552641666667000,X
NGA,2015-01-01,2015-12-31,159,'566,Nigeria,SLC,Standard local currency units per USD,NGN,Naira,2015,2015,7021,Annual value,,192.440524441786010,X
NGA,2016-01-01,2016-12-31,159,'566,Nigeria,SLC,Standard local currency units per USD,NGN,Naira,2016,2016,7021,Annual value,,253.492251919462010,X
NGA,2017-01-01,2017-12-31,159,'566,Nigeria,SLC,Standard local currency units per USD,NGN,Naira,2017,2017,7021,Annual value,,305.790109160004990,X
NGA,2018-01-01,2018-12-31,159,'566,Nigeria,SLC,Standard local currency units per USD,NGN,Naira,2018,2018,7021,Annual value,,306.083688245233990,X
NGA,2019-01-01,2019-12-31,159,'566,Nigeria,SLC,Standard local currency units per USD,NGN,Naira,2019,2019,7021,Annual value,,306.921030860301930,X
NGA,2020-01-01,2020-12-31,159,'566,Nigeria,SLC,Standard local currency units per USD,NGN,Naira,2020,2020,7021,Annual value,,358.810797258296990,X
NGA,2021-01-01,2021-12-31,159,'566,Nigeria,SLC,Standard local currency units per USD,NGN,Naira,2021,2021,7021,Annual value,,408.600833333333010,X
NGA,2022-01-01,2022-12-31,159,'566,Nigeria,SLC,Standard local currency units per USD,NGN,Naira,2022,2022,7021,Annual value,,425.979158066857000,X
