indicator,currency,Unit,Date,Value,Year_x,Month_x,Year_y,Month_y,All Items (Year on Change),All Items (12 Months Avg. Change),Food (Year on Change)/1,Food (12 Months Avg. Change)/1
Central Rate,US Dollar,Nigerian Naira,2003-01-01,126.59,2003,1,2003,1,10.6,12.3,7.5,11.6
Central Rate,US Dollar,Nigerian Naira,2003-02-01,127.002777777778,2003,2,2003,2,7.3,11.4,3.5,9.7
Central Rate,US Dollar,Nigerian Naira,2003-03-01,126.8565,2003,3,2003,3,5.9,10.5,0.1,7.9
Central Rate,US Dollar,Nigerian Naira,2003-04-01,126.983,2003,4,2003,4,8.3,10.1,3.3,6.9
Central Rate,US Dollar,Nigerian Naira,2003-05-01,127.168421052632,2003,5,2003,5,8.7,10.0,3.3,6.3
Central Rate,US Dollar,Nigerian Naira,2003-06-01,127.400952380952,2003,6,2003,6,14.0,10.1,6.2,6.0
Central Rate,US Dollar,Nigerian Naira,2003-07-01,127.324545454545,2003,7,2003,7,12.9,10.0,0.1,4.7
Central Rate,US Dollar,Nigerian Naira,2003-08-01,127.605238095238,2003,8,2003,8,12.4,10.0,0.9,3.9
Central Rate,US Dollar,Nigerian Naira,2003-09-01,128.172272727273,2003,9,2003,9,18.4,10.7,6.2,4.0
Central Rate,US Dollar,Nigerian Naira,2003-10-01,129.287272727273,2003,10,2003,10,23.6,12.3,13.2,5.0
Central Rate,US Dollar,Nigerian Naira,2003-11-01,136.106666666667,2003,11,2003,11,21.3,13.0,12.4,5.4
Central Rate,US Dollar,Nigerian Naira,2003-12-01,195.770952380952,2003,12,2003,12,23.8,14.0,15.4,6.0
Central Rate,US Dollar,Nigerian Naira,2004-01-01,135.538571428571,2004,1,2004,1,22.4,15.0,11.9,6.3
Central Rate,US Dollar,Nigerian Naira,2004-02-01,134.655263157895,2004,2,2004,2,24.8,16.5,14.5,7.2
Central Rate,US Dollar,Nigerian Naira,2004-03-01,133.971304347826,2004,3,2004,3,22.5,17.8,15.6,8.5
Central Rate,US Dollar,Nigerian Naira,2004-04-01,132.99,2004,4,2004,4,17.5,18.5,14.4,9.4
Central Rate,US Dollar,Nigerian Naira,2004-05-01,132.511904761905,2004,5,2004,5,19.8,19.4,18.1,10.6
Central Rate,US Dollar,Nigerian Naira,2004-06-01,132.25,2004,6,2004,6,14.1,19.4,14.5,11.3
Central Rate,US Dollar,Nigerian Naira,2004-07-01,132.297,2004,7,2004,7,10.7,19.1,12.2,12.4
Central Rate,US Dollar,Nigerian Naira,2004-08-01,132.306818181818,2004,8,2004,8,13.0,19.1,16.3,13.7
Central Rate,US Dollar,Nigerian Naira,2004-09-01,132.344545454545,2004,9,2004,9,9.1,18.2,14.6,14.4
Central Rate,US Dollar,Nigerian Naira,2004-10-01,132.3815,2004,10,2004,10,10.7,17.1,15.4,14.6
Central Rate,US Dollar,Nigerian Naira,2004-11-01,132.396,2004,11,2004,11,10.0,16.1,15.1,14.8
Central Rate,US Dollar,Nigerian Naira,2004-12-01,132.357826086956,2004,12,2004,12,10.0,15.0,12.1,14.5
Central Rate,US Dollar,Nigerian Naira,2005-01-01,132.36,2005,1,2005,1,9.8,14.0,15.1,14.8
Central Rate,US Dollar,Nigerian Naira,2005-02-01,132.353,2005,2,2005,2,10.9,12.9,18.7,15.2
Central Rate,US Dollar,Nigerian Naira,2005-03-01,132.353333333333,2005,3,2005,3,16.3,12.5,25.0,16.0
Central Rate,US Dollar,Nigerian Naira,2005-04-01,132.3525,2005,4,2005,4,17.9,12.6,20.3,16.5
Central Rate,US Dollar,Nigerian Naira,2005-05-01,132.3195,2005,5,2005,5,16.8,12.5,15.7,16.3
Central Rate,US Dollar,Nigerian Naira,2005-06-01,132.368636363636,2005,6,2005,6,18.6,12.9,18.0,16.6
Central Rate,US Dollar,Nigerian Naira,2005-07-01,132.3695,2005,7,2005,7,26.1,14.2,35.7,18.6
Central Rate,US Dollar,Nigerian Naira,2005-08-01,131.567826086957,2005,8,2005,8,28.2,15.5,38.5,20.5
Central Rate,US Dollar,Nigerian Naira,2005-09-01,129.017727272727,2005,9,2005,9,24.3,16.8,29.5,21.8
Central Rate,US Dollar,Nigerian Naira,2005-10-01,129.0425,2005,10,2005,10,18.6,17.4,24.6,22.5
Central Rate,US Dollar,Nigerian Naira,2005-11-01,128.864210526316,2005,11,2005,11,15.1,17.8,19.7,22.9
Central Rate,US Dollar,Nigerian Naira,2005-12-01,128.501111111111,2005,12,2005,12,11.6,17.9,15.5,23.1
Central Rate,US Dollar,Nigerian Naira,2006-01-01,128.5,2006,1,2006,1,10.7,17.9,14.7,22.9
Central Rate,US Dollar,Nigerian Naira,2006-02-01,127.825,2006,2,2006,2,10.8,17.8,10.5,22.1
Central Rate,US Dollar,Nigerian Naira,2006-03-01,126.977272727273,2006,3,2006,3,12.0,17.4,9.3,20.7
Central Rate,US Dollar,Nigerian Naira,2006-04-01,126.695,2006,4,2006,4,12.6,16.9,9.6,19.8
Central Rate,US Dollar,Nigerian Naira,2006-05-01,126.679523809524,2006,5,2006,5,10.5,16.4,8.6,19.1
Central Rate,US Dollar,Nigerian Naira,2006-06-01,126.683333333333,2006,6,2006,6,8.5,15.5,6.2,18.0
Central Rate,US Dollar,Nigerian Naira,2006-07-01,126.617142857143,2006,7,2006,7,3.0,13.5,-3.7,14.5
Central Rate,US Dollar,Nigerian Naira,2006-08-01,126.558181818182,2006,8,2006,8,3.7,11.4,-2.3,11.0
Central Rate,US Dollar,Nigerian Naira,2006-09-01,126.519523809524,2006,9,2006,9,6.3,10.0,4.3,9.0
Central Rate,US Dollar,Nigerian Naira,2006-10-01,126.511578947368,2006,10,2006,10,6.1,9.0,4.7,7.5
Central Rate,US Dollar,Nigerian Naira,2006-11-01,126.515909090909,2006,11,2006,11,7.8,8.5,5.4,6.4
Central Rate,US Dollar,Nigerian Naira,2006-12-01,126.516842105263,2006,12,2006,12,8.5,8.2,3.9,5.6
Central Rate,US Dollar,Nigerian Naira,2007-01-01,126.505789473684,2007,1,2007,1,8.0,8.0,-0.1,4.4
Central Rate,US Dollar,Nigerian Naira,2007-02-01,126.4985,2007,2,2007,2,7.1,7.7,3.3,3.9
Central Rate,US Dollar,Nigerian Naira,2007-03-01,126.399047619048,2007,3,2007,3,5.2,7.2,1.7,3.3
Central Rate,US Dollar,Nigerian Naira,2007-04-01,126.226666666667,2007,4,2007,4,4.2,6.5,2.1,2.7
Central Rate,US Dollar,Nigerian Naira,2007-05-01,125.810476190476,2007,5,2007,5,4.6,6.0,2.4,2.2
Central Rate,US Dollar,Nigerian Naira,2007-06-01,125.687692307692,2007,6,2007,6,6.4,5.9,3.2,2.0
Central Rate,US Dollar,Nigerian Naira,2007-07-01,125.421578947368,2007,7,2007,7,4.8,6.0,1.1,2.4
Central Rate,US Dollar,Nigerian Naira,2007-08-01,122.635454545455,2007,8,2007,8,4.2,6.1,-1.2,2.5
Central Rate,US Dollar,Nigerian Naira,2007-09-01,124.12052631579,2007,9,2007,9,4.1,5.9,-0.8,2.1
Central Rate,US Dollar,Nigerian Naira,2007-10-01,122.678947368421,2007,10,2007,10,4.6,5.7,-0.1,1.7
Central Rate,US Dollar,Nigerian Naira,2007-11-01,118.692727272727,2007,11,2007,11,5.2,5.5,3.2,1.5
Central Rate,US Dollar,Nigerian Naira,2007-12-01,116.450588235294,2007,12,2007,12,6.6,5.4,8.2,1.9
Central Rate,US Dollar,Nigerian Naira,2008-01-01,116.307727272727,2008,1,2008,1,8.6,5.5,12.6,2.9
Central Rate,US Dollar,Nigerian Naira,2008-02-01,116.291428571429,2008,2,2008,2,8.0,5.5,8.7,3.3
Central Rate,US Dollar,Nigerian Naira,2008-03-01,116.252777777778,2008,3,2008,3,7.8,5.8,12.4,4.2
Central Rate,US Dollar,Nigerian Naira,2008-04-01,116.208181818182,2008,4,2008,4,8.2,6.1,13.1,5.1
Central Rate,US Dollar,Nigerian Naira,2008-05-01,116.169,2008,5,2008,5,9.7,6.5,14.7,6.1
Central Rate,US Dollar,Nigerian Naira,2008-06-01,116.142857142857,2008,6,2008,6,12.0,7.0,18.11,7.41
Central Rate,US Dollar,Nigerian Naira,2008-07-01,116.102608695652,2008,7,2008,7,14.0,7.8,20.9,9.0
Central Rate,US Dollar,Nigerian Naira,2008-08-01,113.695238095238,2008,8,2008,8,12.4,8.5,18.8,10.7
Central Rate,US Dollar,Nigerian Naira,2008-09-01,116.06,2008,9,2008,9,13.0,9.2,17.1,12.3
Central Rate,US Dollar,Nigerian Naira,2008-10-01,116.059090909091,2008,10,2008,10,14.7,10.1,19.2,14.0
Central Rate,US Dollar,Nigerian Naira,2008-11-01,116.0785,2008,11,2008,11,14.8,10.9,18.1,15.3
Central Rate,US Dollar,Nigerian Naira,2008-12-01,128.575789473684,2008,12,2008,12,15.1,11.6,18.0,16.1
Central Rate,US Dollar,Nigerian Naira,2009-01-01,142.2565,2009,1,2009,1,14.0,12.0,18.4,16.5
Central Rate,US Dollar,Nigerian Naira,2009-02-01,145.1775,2009,2,2009,2,14.6,12.6,20.0,17.5
Central Rate,US Dollar,Nigerian Naira,2009-03-01,145.8,2009,3,2009,3,14.4,13.1,16.2,17.7
Central Rate,US Dollar,Nigerian Naira,2009-04-01,145.2695,2009,4,2009,4,13.3,13.5,15.3,17.9
Central Rate,US Dollar,Nigerian Naira,2009-05-01,145.878947368421,2009,5,2009,5,13.2,13.8,15.7,17.9
Central Rate,US Dollar,Nigerian Naira,2009-06-01,146.235,2009,6,2009,6,11.2,13.7,13.1,17.5
Central Rate,US Dollar,Nigerian Naira,2009-07-01,146.641304347826,2009,7,2009,7,11.1,13.4,12.9,16.8
Central Rate,US Dollar,Nigerian Naira,2009-08-01,149.821904761905,2009,8,2009,8,11.0,13.3,12.7,16.3
Central Rate,US Dollar,Nigerian Naira,2009-09-01,150.6095,2009,9,2009,9,10.4,13.1,12.5,15.9
Central Rate,US Dollar,Nigerian Naira,2009-10-01,147.379047619048,2009,10,2009,10,11.6,12.8,13.5,15.4
Central Rate,US Dollar,Nigerian Naira,2009-11-01,149.091111111111,2009,11,2009,11,12.4,12.6,13.5,15.0
Central Rate,US Dollar,Nigerian Naira,2009-12-01,147.710476190476,2009,12,2009,12,13.9,12.5,15.5,14.8
Central Rate,US Dollar,Nigerian Naira,2010-01-01,147.822,2010,1,2010,1,14.4,12.6,15.9,14.7
Central Rate,US Dollar,Nigerian Naira,2010-02-01,148.237368421053,2010,2,2010,2,15.6,12.7,16.2,14.4
Central Rate,US Dollar,Nigerian Naira,2010-03-01,147.845909090909,2010,3,2010,3,14.8,12.8,15.8,14.4
Central Rate,US Dollar,Nigerian Naira,2010-04-01,147.898,2010,4,2010,4,15.0,12.9,16.3,14.5
Central Rate,US Dollar,Nigerian Naira,2010-05-01,148.3175,2010,5,2010,5,12.9,12.9,13.0,14.3
Central Rate,US Dollar,Nigerian Naira,2010-06-01,148.223181818182,2010,6,2010,6,14.1,13.1,15.1,14.4
Central Rate,US Dollar,Nigerian Naira,2010-07-01,148.103636363636,2010,7,2010,7,13.0,13.3,14.0,14.5
Central Rate,US Dollar,Nigerian Naira,2010-08-01,148.274090909091,2010,8,2010,8,13.7,13.5,15.1,14.7
Central Rate,US Dollar,Nigerian Naira,2010-09-01,149.04,2010,9,2010,9,13.6,13.8,14.6,14.9
Central Rate,US Dollar,Nigerian Naira,2010-10-01,149.193,2010,10,2010,10,13.4,13.9,14.1,14.9
Central Rate,US Dollar,Nigerian Naira,2010-11-01,148.2425,2010,11,2010,11,12.8,13.9,14.4,15.0
Central Rate,US Dollar,Nigerian Naira,2010-12-01,148.559047619048,2010,12,2010,12,11.8,13.7,12.7,14.7
Central Rate,US Dollar,Nigerian Naira,2011-01-01,149.5245,2011,1,2011,1,12.1,13.5,10.3,14.2
Central Rate,US Dollar,Nigerian Naira,2011-02-01,149.936666666667,2011,2,2011,2,11.1,13.2,12.2,13.9
Central Rate,US Dollar,Nigerian Naira,2011-03-01,150.497391304348,2011,3,2011,3,12.8,13.0,12.2,13.6
Central Rate,US Dollar,Nigerian Naira,2011-04-01,151.896111111111,2011,4,2011,4,11.3,12.7,11.6,13.2
Central Rate,US Dollar,Nigerian Naira,2011-05-01,152.776111111111,2011,5,2011,5,12.4,12.6,12.2,13.2
Central Rate,US Dollar,Nigerian Naira,2011-06-01,152.473181818182,2011,6,2011,6,10.2,12.3,9.2,12.7
Central Rate,US Dollar,Nigerian Naira,2011-07-01,149.86,2011,7,2011,7,9.4,12.0,7.9,12.1
Central Rate,US Dollar,Nigerian Naira,2011-08-01,150.703333333333,2011,8,2011,8,9.3,11.6,8.7,11.6
Central Rate,US Dollar,Nigerian Naira,2011-09-01,153.245,2011,9,2011,9,10.3,11.4,9.5,11.2
Central Rate,US Dollar,Nigerian Naira,2011-10-01,151.2145,2011,10,2011,10,10.5,11.1,9.7,10.8
Central Rate,US Dollar,Nigerian Naira,2011-11-01,153.664,2011,11,2011,11,10.5,11.0,9.6,10.4
Central Rate,US Dollar,Nigerian Naira,2011-12-01,156.141,2011,12,2011,12,10.3,10.8,11.0,10.3
Central Rate,US Dollar,Nigerian Naira,2012-01-01,156.318571428571,2012,1,2012,1,12.6,10.9,13.1,10.5
Central Rate,US Dollar,Nigerian Naira,2012-02-01,155.8,2012,2,2012,2,11.9,11.0,9.7,10.3
Central Rate,US Dollar,Nigerian Naira,2012-03-01,155.527272727273,2012,3,2012,3,12.1,10.9,11.8,10.3
Central Rate,US Dollar,Nigerian Naira,2012-04-01,155.273684210526,2012,4,2012,4,12.9,11.1,11.2,10.3
Central Rate,US Dollar,Nigerian Naira,2012-05-01,155.2175,2012,5,2012,5,12.7,11.1,12.9,10.4
Central Rate,US Dollar,Nigerian Naira,2012-06-01,155.381428571429,2012,6,2012,6,12.9,11.3,12.0,10.6
Central Rate,US Dollar,Nigerian Naira,2012-07-01,155.375454545455,2012,7,2012,7,12.8,11.6,12.1,11.0
Central Rate,US Dollar,Nigerian Naira,2012-08-01,155.321428571429,2012,8,2012,8,11.7,11.8,9.9,11.1
Central Rate,US Dollar,Nigerian Naira,2012-09-01,155.285,2012,9,2012,9,11.3,11.9,10.2,11.1
Central Rate,US Dollar,Nigerian Naira,2012-10-01,155.258,2012,10,2012,10,11.7,11.9,11.1,11.2
Central Rate,US Dollar,Nigerian Naira,2012-11-01,155.202857142857,2012,11,2012,11,12.3,12.1,11.6,11.4
Central Rate,US Dollar,Nigerian Naira,2012-12-01,155.266315789474,2012,12,2012,12,12.0,12.2,10.2,11.3
Central Rate,US Dollar,Nigerian Naira,2013-01-01,155.24380952381,2013,1,2013,1,9.0,11.9,10.1,11.1
Central Rate,US Dollar,Nigerian Naira,2013-02-01,155.242,2013,2,2013,2,9.5,11.7,11.0,11.2
Central Rate,US Dollar,Nigerian Naira,2013-03-01,155.254,2013,3,2013,3,8.6,11.4,9.5,11.0
Central Rate,US Dollar,Nigerian Naira,2013-04-01,155.247619047619,2013,4,2013,4,9.1,11.1,10.0,10.8
Central Rate,US Dollar,Nigerian Naira,2013-05-01,155.243333333333,2013,5,2013,5,9.0,10.8,9.3,10.5
Central Rate,US Dollar,Nigerian Naira,2013-06-01,155.249,2013,6,2013,6,8.4,10.4,9.6,10.4
Central Rate,US Dollar,Nigerian Naira,2013-07-01,155.259130434783,2013,7,2013,7,8.7,10.0,10.0,10.2
Central Rate,US Dollar,Nigerian Naira,2013-08-01,155.256,2013,8,2013,8,8.2,9.8,9.7,10.2
Central Rate,US Dollar,Nigerian Naira,2013-09-01,155.258095238095,2013,9,2013,9,8.0,9.5,9.4,10.1
Central Rate,US Dollar,Nigerian Naira,2013-10-01,155.358,2013,10,2013,10,7.8,9.2,9.2,10.0
Central Rate,US Dollar,Nigerian Naira,2013-11-01,155.2115,2013,11,2013,11,7.9,8.8,9.3,9.8
Central Rate,US Dollar,Nigerian Naira,2013-12-01,155.217,2013,12,2013,12,8.0,8.5,9.3,9.7
Central Rate,US Dollar,Nigerian Naira,2014-01-01,155.234285714286,2014,1,2014,1,8.0,8.4,9.3,9.6
Central Rate,US Dollar,Nigerian Naira,2014-02-01,155.25,2014,2,2014,2,7.7,8.3,9.2,9.5
Central Rate,US Dollar,Nigerian Naira,2014-03-01,155.243333333333,2014,3,2014,3,7.8,8.2,9.3,9.5
Central Rate,US Dollar,Nigerian Naira,2014-04-01,155.2345,2014,4,2014,4,7.9,8.1,9.4,9.4
Central Rate,US Dollar,Nigerian Naira,2014-05-01,155.23,2014,5,2014,5,8.0,8.0,9.7,9.4
Central Rate,US Dollar,Nigerian Naira,2014-06-01,155.23,2014,6,2014,6,8.2,8.0,9.8,9.5
Central Rate,US Dollar,Nigerian Naira,2014-07-01,155.23,2014,7,2014,7,8.3,8.0,9.9,9.5
Central Rate,US Dollar,Nigerian Naira,2014-08-01,155.23,2014,8,2014,8,8.5,8.0,10.0,9.5
Central Rate,US Dollar,Nigerian Naira,2014-09-01,155.243181818182,2014,9,2014,9,8.3,8.0,9.7,9.5
Central Rate,US Dollar,Nigerian Naira,2014-10-01,155.2565,2014,10,2014,10,8.1,8.0,9.3,9.5
Central Rate,US Dollar,Nigerian Naira,2014-11-01,157.912,2014,11,2014,11,7.9,8.0,9.1,9.5
Central Rate,US Dollar,Nigerian Naira,2014-12-01,167.5,2014,12,2014,12,8.0,8.0,9.2,9.5
Central Rate,US Dollar,Nigerian Naira,2015-01-01,167.5,2015,1,2015,1,8.2,8.1,9.2,9.5
Central Rate,US Dollar,Nigerian Naira,2015-02-01,178.15,2015,2,2015,2,8.4,8.1,9.4,9.5
Central Rate,US Dollar,Nigerian Naira,2015-03-01,196.572727272727,2015,3,2015,3,8.5,8.2,9.4,9.5
Central Rate,US Dollar,Nigerian Naira,2015-04-01,196.5,2015,4,2015,4,8.7,8.2,9.5,9.5
Central Rate,US Dollar,Nigerian Naira,2015-05-01,196.5,2015,5,2015,5,9.0,8.3,9.8,9.5
Central Rate,US Dollar,Nigerian Naira,2015-06-01,196.415909090909,2015,6,2015,6,9.2,8.4,10.0,9.5
Central Rate,US Dollar,Nigerian Naira,2015-07-01,196.471428571429,2015,7,2015,7,9.2,8.5,10.0,9.6
Central Rate,US Dollar,Nigerian Naira,2015-08-01,196.5,2015,8,2015,8,9.3,8.6,10.1,9.6
Central Rate,US Dollar,Nigerian Naira,2015-09-01,196.4975,2015,9,2015,9,9.4,8.7,10.2,9.6
Central Rate,US Dollar,Nigerian Naira,2015-10-01,196.488571428571,2015,10,2015,10,9.3,8.76,10.13,9.68
Central Rate,US Dollar,Nigerian Naira,2015-11-01,196.491428571429,2015,11,2015,11,9.37,8.88,10.32,9.78
Central Rate,US Dollar,Nigerian Naira,2015-12-01,196.4865,2015,12,2015,12,9.55,9.01,10.59,9.9
Central Rate,US Dollar,Nigerian Naira,2016-01-01,196.55,2016,1,2016,1,9.62,9.13,10.64,10.02
Central Rate,US Dollar,Nigerian Naira,2016-02-01,196.5,2016,2,2016,2,11.38,9.39,11.35,10.18
Central Rate,US Dollar,Nigerian Naira,2016-03-01,196.5,2016,3,2016,3,12.77,9.75,12.74,10.47
Central Rate,US Dollar,Nigerian Naira,2016-04-01,196.5,2016,4,2016,4,13.72,10.18,13.19,10.79
Central Rate,US Dollar,Nigerian Naira,2016-05-01,196.5,2016,5,2016,5,15.58,10.75,14.86,11.22
Central Rate,US Dollar,Nigerian Naira,2016-06-01,231.261363636364,2016,6,2016,6,16.48,11.37,15.3,11.67
Central Rate,US Dollar,Nigerian Naira,2016-07-01,294.072222222222,2016,7,2016,7,17.13,12.04,15.8,12.16
Central Rate,US Dollar,Nigerian Naira,2016-08-01,309.230434782609,2016,8,2016,8,17.61,12.74,16.43,12.7
Central Rate,US Dollar,Nigerian Naira,2016-09-01,304.725,2016,9,2016,9,17.85,13.45,16.62,13.24
Central Rate,US Dollar,Nigerian Naira,2016-10-01,304.7125,2016,10,2016,10,18.33,14.21,17.09,13.82
Central Rate,US Dollar,Nigerian Naira,2016-11-01,304.681818181818,2016,11,2016,11,18.48,14.96,17.19,14.39
Central Rate,US Dollar,Nigerian Naira,2016-12-01,304.723684210526,2016,12,2016,12,18.55,15.7,17.39,14.95
Central Rate,US Dollar,Nigerian Naira,2017-01-01,304.702380952381,2017,1,2017,1,18.72,16.44,17.82,15.54
Central Rate,US Dollar,Nigerian Naira,2017-02-01,304.8125,2017,2,2017,2,17.78,16.96,18.53,16.13
Central Rate,US Dollar,Nigerian Naira,2017-03-01,305.902173913043,2017,3,2017,3,17.26,17.32,18.44,16.6
Central Rate,US Dollar,Nigerian Naira,2017-04-01,305.552777777778,2017,4,2017,4,17.24,17.59,19.3,17.11
Central Rate,US Dollar,Nigerian Naira,2017-05-01,305.038095238095,2017,5,2017,5,16.25,17.63,19.27,17.48
Central Rate,US Dollar,Nigerian Naira,2017-06-01,305.2125,2017,6,2017,6,16.1,17.58,19.91,17.87
Central Rate,US Dollar,Nigerian Naira,2017-07-01,305.361904761905,2017,7,2017,7,16.05,17.47,20.28,18.25
Central Rate,US Dollar,Nigerian Naira,2017-08-01,305.167391304348,2017,8,2017,8,16.01,17.33,20.25,18.57
Central Rate,US Dollar,Nigerian Naira,2017-09-01,305.386842105263,2017,9,2017,9,15.98,17.17,20.32,18.88
Central Rate,US Dollar,Nigerian Naira,2017-10-01,305.123809523809,2017,10,2017,10,15.91,16.97,20.31,19.14
Central Rate,US Dollar,Nigerian Naira,2017-11-01,305.404545454545,2017,11,2017,11,15.9,16.76,20.31,19.39
Central Rate,US Dollar,Nigerian Naira,2017-12-01,305.813888888889,2017,12,2017,12,15.37,16.5,19.42,19.55
Central Rate,US Dollar,Nigerian Naira,2018-01-01,305.277272727273,2018,1,2018,1,15.13,16.22,18.92,19.62
Central Rate,US Dollar,Nigerian Naira,2018-02-01,305.395,2018,2,2018,2,14.33,15.93,17.59,19.52
Central Rate,US Dollar,Nigerian Naira,2018-03-01,305.240476190476,2018,3,2018,3,13.34,15.6,16.08,19.29
Central Rate,US Dollar,Nigerian Naira,2018-04-01,305.11,2018,4,2018,4,12.48,15.2,14.8,18.89
Central Rate,US Dollar,Nigerian Naira,2018-05-01,305.32619047619,2018,5,2018,5,11.61,14.79,13.45,18.36
Central Rate,US Dollar,Nigerian Naira,2018-06-01,305.371052631579,2018,6,2018,6,11.23,14.37,12.98,17.75
Central Rate,US Dollar,Nigerian Naira,2018-07-01,305.306818181818,2018,7,2018,7,11.14,13.95,12.85,17.1
Central Rate,US Dollar,Nigerian Naira,2018-08-01,305.557142857143,2018,8,2018,8,11.23,13.55,13.16,16.5
Central Rate,US Dollar,Nigerian Naira,2018-09-01,305.7725,2018,9,2018,9,11.28,13.16,13.31,15.92
Central Rate,US Dollar,Nigerian Naira,2018-10-01,305.995454545455,2018,10,2018,10,11.26,12.78,13.28,15.36
Central Rate,US Dollar,Nigerian Naira,2018-11-01,306.211904761905,2018,11,2018,11,11.28,12.41,13.3,14.8
Central Rate,US Dollar,Nigerian Naira,2018-12-01,306.421052631579,2018,12,2018,12,11.44,12.1,13.56,14.35
Central Rate,US Dollar,Nigerian Naira,2019-01-01,306.345454545455,2019,1,2019,1,11.37,11.8,13.51,13.93
Central Rate,US Dollar,Nigerian Naira,2019-02-01,306.27,2019,2,2019,2,11.31,11.56,13.47,13.62
Central Rate,US Dollar,Nigerian Naira,2019-03-01,306.423809523809,2019,3,2019,3,11.25,11.4,13.45,13.42
Central Rate,US Dollar,Nigerian Naira,2019-04-01,306.4625,2019,4,2019,4,11.37,11.31,13.7,13.34
Central Rate,US Dollar,Nigerian Naira,2019-05-01,306.45,2019,5,2019,5,11.4,11.3,13.79,13.37
Central Rate,US Dollar,Nigerian Naira,2019-06-01,306.447058823529,2019,6,2019,6,11.22,11.3,13.56,13.42
Central Rate,US Dollar,Nigerian Naira,2019-07-01,306.436956521739,2019,7,2019,7,11.08,11.29,13.39,13.46
Central Rate,US Dollar,Nigerian Naira,2019-08-01,306.4325,2019,8,2019,8,11.02,11.27,13.17,13.46
Central Rate,US Dollar,Nigerian Naira,2019-09-01,306.419047619048,2019,9,2019,9,11.24,11.27,13.51,13.47
Central Rate,US Dollar,Nigerian Naira,2019-10-01,306.463636363636,2019,10,2019,10,11.61,11.3,14.09,13.54
Central Rate,US Dollar,Nigerian Naira,2019-11-01,306.4475,2019,11,2019,11,11.85,11.35,14.48,13.65
Central Rate,US Dollar,Nigerian Naira,2019-12-01,306.45,2019,12,2019,12,11.98,11.4,14.67,13.74
Central Rate,US Dollar,Nigerian Naira,2020-01-01,306.459090909091,2020,1,2020,1,12.13,11.46,14.85,13.86
Central Rate,US Dollar,Nigerian Naira,2020-02-01,306.455,2020,2,2020,2,12.2,11.54,14.9,13.98
Central Rate,US Dollar,Nigerian Naira,2020-03-01,326.125,2020,3,2020,3,12.26,11.62,14.98,14.11
Central Rate,US Dollar,Nigerian Naira,2020-04-01,360.5,2020,4,2020,4,12.34,11.71,15.03,14.22
Central Rate,US Dollar,Nigerian Naira,2020-05-01,360.5,2020,5,2020,5,12.4,11.79,15.04,14.33
Central Rate,US Dollar,Nigerian Naira,2020-06-01,360.5,2020,6,2020,6,12.56,11.9,15.18,14.46
Central Rate,US Dollar,Nigerian Naira,2020-07-01,360.5,2020,7,2020,7,12.82,12.05,15.48,14.63
Central Rate,US Dollar,Nigerian Naira,2020-08-01,376.785714285714,2020,8,2020,8,13.22,12.23,16.0,14.87
Central Rate,US Dollar,Nigerian Naira,2020-09-01,379.5,2020,9,2020,9,13.71,12.44,16.66,15.13
Central Rate,US Dollar,Nigerian Naira,2020-10-01,379.55,2020,10,2020,10,14.23,12.66,17.38,15.42
Central Rate,US Dollar,Nigerian Naira,2020-11-01,379.5,2020,11,2020,11,14.89,12.92,18.3,15.75
Central Rate,US Dollar,Nigerian Naira,2020-12-01,379.5,2020,12,2020,12,15.75,13.25,19.56,16.17
Central Rate,US Dollar,Nigerian Naira,2021-01-01,379.5,2021,1,2021,1,16.47,13.62,20.57,16.66
Central Rate,US Dollar,Nigerian Naira,2021-02-01,379.5,2021,2,2021,2,17.33,14.05,21.79,17.25
Central Rate,US Dollar,Nigerian Naira,2021-03-01,379.5,2021,3,2021,3,18.17,14.55,22.95,17.93
Central Rate,US Dollar,Nigerian Naira,2021-04-01,379.5,2021,4,2021,4,18.12,15.04,22.72,18.58
Central Rate,US Dollar,Nigerian Naira,2021-05-01,397.145833333333,2021,5,2021,5,17.93,15.5,22.28,19.18
Central Rate,US Dollar,Nigerian Naira,2021-06-01,409.664761904762,2021,6,2021,6,17.75,15.93,21.83,19.72
Central Rate,US Dollar,Nigerian Naira,2021-07-01,409.632631578947,2021,7,2021,7,17.38,16.3,21.03,20.16
Central Rate,US Dollar,Nigerian Naira,2021-08-01,409.653181818182,2021,8,2021,8,17.01,16.6,20.3,20.5
Central Rate,US Dollar,Nigerian Naira,2021-09-01,410.016818181818,2021,9,2021,9,16.63,16.83,19.57,20.71
Central Rate,US Dollar,Nigerian Naira,2021-10-01,410.412631578947,2021,10,2021,10,15.99,16.96,18.34,20.75
Central Rate,US Dollar,Nigerian Naira,2021-11-01,410.805454545454,2021,11,2021,11,15.4,16.98,17.21,20.62
Central Rate,US Dollar,Nigerian Naira,2021-12-01,411.132857142857,2021,12,2021,12,15.63,16.95,17.37,20.4
Central Rate,US Dollar,Nigerian Naira,2022-01-01,414.535,2022,1,2022,1,15.6,16.87,17.13,20.09
Central Rate,US Dollar,Nigerian Naira,2022-02-01,416.149,2022,2,2022,2,15.7,16.73,17.11,19.69
Central Rate,US Dollar,Nigerian Naira,2022-03-01,415.832272727273,2022,3,2022,3,15.92,16.54,17.2,19.21
Central Rate,US Dollar,Nigerian Naira,2022-04-01,415.401578947368,2022,4,2022,4,16.82,16.45,18.37,18.88
Central Rate,US Dollar,Nigerian Naira,2022-05-01,415.075165,2022,5,2022,5,17.71,16.45,19.5,18.68
Central Rate,US Dollar,Nigerian Naira,2022-06-01,415.024761904762,2022,6,2022,6,18.6,16.54,20.6,18.62
Central Rate,US Dollar,Nigerian Naira,2022-07-01,415.105263157895,2022,7,2022,7,19.64,16.75,22.02,18.75
Central Rate,US Dollar,Nigerian Naira,2022-08-01,419.972727272727,2022,8,2022,8,20.52,17.07,23.12,19.02
Central Rate,US Dollar,Nigerian Naira,2022-09-01,428.749523809524,2022,9,2022,9,20.77,17.43,23.34,19.36
Central Rate,US Dollar,Nigerian Naira,2022-10-01,436.115555555556,2022,10,2022,10,21.09,17.86,23.72,19.83
Central Rate,US Dollar,Nigerian Naira,2022-11-01,441.879272727273,2022,11,2022,11,21.47,18.37,24.13,20.41
Central Rate,US Dollar,Nigerian Naira,2022-12-01,445.9705,2022,12,2022,12,21.34,18.85,23.75,20.94
Central Rate,US Dollar,Nigerian Naira,2023-01-01,454.970476190476,2023,1,2023,1,21.82,19.36,24.32,21.53
Central Rate,US Dollar,Nigerian Naira,2023-02-01,460.426,2023,2,2023,2,21.91,19.87,24.35,22.12
Central Rate,US Dollar,Nigerian Naira,2023-03-01,460.431363636364,2023,3,2023,3,22.04,20.37,24.45,22.72
Central Rate,US Dollar,Nigerian Naira,2023-04-01,460.4175,2023,4,2023,4,22.22,20.82,24.61,23.22
Central Rate,US Dollar,Nigerian Naira,2023-05-01,460.702380952381,2023,5,2023,5,22.41,21.2,24.82,23.65
Central Rate,US Dollar,Nigerian Naira,2023-06-01,607.748888888889,2023,6,2023,6,22.79,21.54,25.25,24.03
Central Rate,US Dollar,Nigerian Naira,2023-07-01,769.816523809524,2023,7,2023,7,24.08,21.92,26.98,24.46
